customer_id,customer_name,signup_date,city,state
C0001,Customer 0001,2023-10-09,Pune,Delhi
C0002,Customer 0002,2024-11-19,Delhi,West Bengal
C0003,Customer 0003,2023-01-12,Pune,Maharashtra
C0004,Customer 0004,2023-12-23,Bengaluru,Gujarat
C0005,Customer 0005,2025-09-13,Jaipur,West Bengal
C0006,Customer 0006,2024-01-04,Delhi,Delhi
C0007,Customer 0007,2024-08-21,Hyderabad,Telangana
C0008,Customer 0008,2025-09-15,Delhi,Rajasthan
C0009,Customer 0009,2024-08-30,Delhi,Telangana
C0010,Customer 0010,2025-01-24,Jaipur,Karnataka
C0011,Customer 0011,2025-08-16,Jaipur,Rajasthan
C0012,Customer 0012,2024-09-09,Bengaluru,Telangana
C0013,Customer 0013,2025-04-12,Bengaluru,West Bengal
C0014,Customer 0014,2024-05-23,Pune,Rajasthan
C0015,Customer 0015,2025-03-25,Pune,West Bengal
C0016,Customer 0016,2024-10-03,Pune,Gujarat
C0017,Customer 0017,2023-12-06,Kolkata,Karnataka
C0018,Customer 0018,2024-07-12,Delhi,West Bengal
C0019,Customer 0019,2023-12-01,Hyderabad,Maharashtra
C0020,Customer 0020,2024-02-02,Jaipur,Gujarat
C0021,Customer 0021,2023-10-19,Ahmedabad,Telangana
C0022,Customer 0022,2024-05-06,Mumbai,Telangana
C0023,Customer 0023,2023-12-13,Mumbai,Gujarat
C0024,Customer 0024,2024-09-18,Delhi,West Bengal
C0025,Customer 0025,2024-01-05,Pune,Gujarat
C0026,Customer 0026,2024-05-06,Bengaluru,Telangana
C0027,Customer 0027,2023-05-21,Kolkata,West Bengal
C0028,Customer 0028,2024-01-22,Delhi,Karnataka
C0029,Customer 0029,2023-12-22,Bengaluru,Telangana
C0030,Customer 0030,2025-08-19,Kolkata,Delhi
C0031,Customer 0031,2024-03-22,Ahmedabad,Maharashtra
C0032,Customer 0032,2023-01-22,Ahmedabad,West Bengal
C0033,Customer 0033,2023-11-06,Pune,Karnataka
C0034,Customer 0034,2024-12-30,Ahmedabad,Karnataka
C0035,Customer 0035,2023-06-15,Delhi,Gujarat
C0036,Customer 0036,2023-06-12,Ahmedabad,Maharashtra
C0037,Customer 0037,2024-01-09,Pune,Delhi
C0038,Customer 0038,2023-12-23,Mumbai,Rajasthan
C0039,Customer 0039,2024-04-25,Delhi,Delhi
C0040,Customer 0040,2023-02-04,Pune,Karnataka
C0041,Customer 0041,2024-12-21,Jaipur,Gujarat
C0042,Customer 0042,2023-08-02,Hyderabad,Maharashtra
C0043,Customer 0043,2024-12-12,Delhi,Karnataka
C0044,Customer 0044,2024-07-18,Bengaluru,Delhi
C0045,Customer 0045,2023-07-22,Delhi,Gujarat
C0046,Customer 0046,2024-04-14,Bengaluru,Karnataka
C0047,Customer 0047,2023-02-06,Mumbai,Delhi
C0048,Customer 0048,2024-12-02,Delhi,Telangana
C0049,Customer 0049,2023-10-31,Kolkata,Maharashtra
C0050,Customer 0050,2024-01-19,Ahmedabad,West Bengal
C0051,Customer 0051,2023-06-07,Bengaluru,Delhi
C0052,Customer 0052,2023-12-31,Jaipur,West Bengal
C0053,Customer 0053,2024-01-31,Ahmedabad,Telangana
C0054,Customer 0054,2023-08-13,Hyderabad,Rajasthan
C0055,Customer 0055,2025-09-06,Pune,Gujarat
C0056,Customer 0056,2023-10-07,Pune,Gujarat
C0057,Customer 0057,2023-07-01,Jaipur,Karnataka
C0058,Customer 0058,2024-07-02,Bengaluru,Delhi
C0059,Customer 0059,2023-11-15,Delhi,Karnataka
C0060,Customer 0060,2024-03-29,Hyderabad,Telangana
C0061,Customer 0061,2024-12-26,Kolkata,Rajasthan
C0062,Customer 0062,2023-03-20,Pune,Maharashtra
C0063,Customer 0063,2024-05-24,Pune,Telangana
C0064,Customer 0064,2023-01-22,Hyderabad,Karnataka
C0065,Customer 0065,2023-02-13,Kolkata,West Bengal
C0066,Customer 0066,2023-04-03,Jaipur,Delhi
C0067,Customer 0067,2023-06-11,Mumbai,Gujarat
C0068,Customer 0068,2023-12-16,Mumbai,Maharashtra
C0069,Customer 0069,2025-07-24,Hyderabad,Delhi
C0070,Customer 0070,2025-06-25,Bengaluru,West Bengal
C0071,Customer 0071,2023-04-14,Ahmedabad,Telangana
C0072,Customer 0072,2025-09-18,Bengaluru,Karnataka
C0073,Customer 0073,2024-09-27,Kolkata,Maharashtra
C0074,Customer 0074,2024-07-07,Ahmedabad,West Bengal
C0075,Customer 0075,2025-03-03,Jaipur,Rajasthan
C0076,Customer 0076,2024-04-29,Kolkata,Rajasthan
C0077,Customer 0077,2023-09-23,Kolkata,Delhi
C0078,Customer 0078,2024-06-13,Jaipur,Telangana
C0079,Customer 0079,2024-12-26,Bengaluru,Rajasthan
C0080,Customer 0080,2024-11-13,Kolkata,Gujarat
C0081,Customer 0081,2023-06-19,Ahmedabad,Delhi
C0082,Customer 0082,2025-07-27,Bengaluru,Telangana
C0083,Customer 0083,2023-10-12,Pune,Gujarat
C0084,Customer 0084,2025-03-30,Jaipur,West Bengal
C0085,Customer 0085,2023-11-08,Pune,Maharashtra
C0086,Customer 0086,2023-03-05,Hyderabad,Rajasthan
C0087,Customer 0087,2025-09-23,Mumbai,Gujarat
C0088,Customer 0088,2024-08-11,Mumbai,Karnataka
C0089,Customer 0089,2023-08-03,Ahmedabad,West Bengal
C0090,Customer 0090,2023-01-01,Bengaluru,Delhi
C0091,Customer 0091,2023-05-10,Mumbai,Telangana
C0092,Customer 0092,2023-06-19,Mumbai,Rajasthan
C0093,Customer 0093,2025-07-14,Bengaluru,Karnataka
C0094,Customer 0094,2023-06-27,Mumbai,Rajasthan
C0095,Customer 0095,2023-06-11,Pune,Gujarat
C0096,Customer 0096,2025-04-17,Ahmedabad,Telangana
C0097,Customer 0097,2025-05-29,Hyderabad,Rajasthan
C0098,Customer 0098,2023-07-28,Delhi,Karnataka
C0099,Customer 0099,2024-10-12,Bengaluru,Maharashtra
C0100,Customer 0100,2024-06-18,Pune,Telangana
C0101,Customer 0101,2024-07-30,Hyderabad,Karnataka
C0102,Customer 0102,2023-11-08,Ahmedabad,Karnataka
C0103,Customer 0103,2025-01-21,Bengaluru,Gujarat
C0104,Customer 0104,2025-05-30,Mumbai,Karnataka
C0105,Customer 0105,2024-12-26,Hyderabad,Gujarat
C0106,Customer 0106,2025-06-22,Delhi,West Bengal
C0107,Customer 0107,2023-04-21,Hyderabad,Gujarat
C0108,Customer 0108,2024-10-19,Kolkata,West Bengal
C0109,Customer 0109,2025-09-26,Hyderabad,Telangana
C0110,Customer 0110,2024-06-19,Bengaluru,Karnataka
C0111,Customer 0111,2025-07-30,Ahmedabad,Karnataka
C0112,Customer 0112,2023-12-15,Pune,Delhi
C0113,Customer 0113,2025-06-15,Pune,Gujarat
C0114,Customer 0114,2025-07-27,Ahmedabad,Telangana
C0115,Customer 0115,2024-09-14,Delhi,West Bengal
C0116,Customer 0116,2024-12-05,Ahmedabad,Telangana
C0117,Customer 0117,2024-06-06,Hyderabad,Karnataka
C0118,Customer 0118,2023-11-13,Pune,Maharashtra
C0119,Customer 0119,2024-06-20,Jaipur,West Bengal
C0120,Customer 0120,2025-08-20,Ahmedabad,Gujarat
C0121,Customer 0121,2023-01-15,Delhi,West Bengal
C0122,Customer 0122,2023-07-25,Kolkata,Telangana
C0123,Customer 0123,2024-05-14,Ahmedabad,Karnataka
C0124,Customer 0124,2023-12-06,Mumbai,Rajasthan
C0125,Customer 0125,2024-09-15,Bengaluru,Rajasthan
C0126,Customer 0126,2023-12-27,Jaipur,Telangana
C0127,Customer 0127,2024-10-20,Bengaluru,Delhi
C0128,Customer 0128,2023-04-17,Jaipur,Rajasthan
C0129,Customer 0129,2023-11-29,Kolkata,Gujarat
C0130,Customer 0130,2024-11-23,Hyderabad,Telangana
C0131,Customer 0131,2024-04-16,Delhi,Rajasthan
C0132,Customer 0132,2024-12-14,Ahmedabad,Karnataka
C0133,Customer 0133,2024-09-28,Jaipur,Karnataka
C0134,Customer 0134,2023-11-25,Pune,Rajasthan
C0135,Customer 0135,2024-03-04,Jaipur,Telangana
C0136,Customer 0136,2025-08-22,Jaipur,Maharashtra
C0137,Customer 0137,2025-08-20,Delhi,West Bengal
C0138,Customer 0138,2023-02-05,Mumbai,Rajasthan
C0139,Customer 0139,2024-12-06,Hyderabad,Gujarat
C0140,Customer 0140,2024-05-05,Kolkata,Rajasthan
C0141,Customer 0141,2023-01-02,Ahmedabad,Gujarat
C0142,Customer 0142,2024-09-26,Hyderabad,Gujarat
C0143,Customer 0143,2023-01-24,Pune,Maharashtra
C0144,Customer 0144,2023-11-15,Mumbai,Delhi
C0145,Customer 0145,2024-11-21,Mumbai,Rajasthan
C0146,Customer 0146,2025-03-23,Kolkata,Maharashtra
C0147,Customer 0147,2024-02-17,Pune,Telangana
C0148,Customer 0148,2025-03-19,Pune,Gujarat
C0149,Customer 0149,2025-04-19,Jaipur,Delhi
C0150,Customer 0150,2024-03-23,Bengaluru,Rajasthan
C0151,Customer 0151,2023-06-23,Hyderabad,Karnataka
C0152,Customer 0152,2024-10-21,Bengaluru,Telangana
C0153,Customer 0153,2023-01-14,Pune,West Bengal
C0154,Customer 0154,2025-06-12,Ahmedabad,Gujarat
C0155,Customer 0155,2024-01-24,Jaipur,Karnataka
C0156,Customer 0156,2025-01-30,Kolkata,Telangana
C0157,Customer 0157,2025-01-06,Ahmedabad,Telangana
C0158,Customer 0158,2024-04-17,Bengaluru,Karnataka
C0159,Customer 0159,2025-08-29,Ahmedabad,Telangana
C0160,Customer 0160,2025-03-07,Jaipur,Delhi
C0161,Customer 0161,2025-06-02,Mumbai,Gujarat
C0162,Customer 0162,2023-04-04,Jaipur,West Bengal
C0163,Customer 0163,2024-04-29,Hyderabad,Karnataka
C0164,Customer 0164,2025-08-09,Ahmedabad,Karnataka
C0165,Customer 0165,2025-03-23,Pune,Karnataka
C0166,Customer 0166,2024-03-30,Hyderabad,Gujarat
C0167,Customer 0167,2023-03-12,Delhi,Delhi
C0168,Customer 0168,2023-10-10,Kolkata,Maharashtra
C0169,Customer 0169,2024-07-26,Delhi,Telangana
C0170,Customer 0170,2024-10-03,Pune,Telangana
C0171,Customer 0171,2025-07-13,Hyderabad,Maharashtra
C0172,Customer 0172,2023-04-03,Ahmedabad,Rajasthan
C0173,Customer 0173,2024-02-01,Kolkata,Karnataka
C0174,Customer 0174,2023-09-30,Pune,Telangana
C0175,Customer 0175,2025-08-18,Pune,Gujarat
C0176,Customer 0176,2023-06-16,Bengaluru,Rajasthan
C0177,Customer 0177,2023-08-09,Pune,Rajasthan
C0178,Customer 0178,2023-10-25,Hyderabad,Maharashtra
C0179,Customer 0179,2023-04-16,Hyderabad,Karnataka
C0180,Customer 0180,2024-10-05,Pune,Rajasthan
C0181,Customer 0181,2024-06-08,Bengaluru,Delhi
C0182,Customer 0182,2024-07-11,Delhi,Maharashtra
C0183,Customer 0183,2025-06-26,Jaipur,Delhi
C0184,Customer 0184,2024-03-09,Bengaluru,Telangana
C0185,Customer 0185,2023-11-08,Bengaluru,Rajasthan
C0186,Customer 0186,2024-01-11,Pune,West Bengal
C0187,Customer 0187,2025-03-11,Kolkata,Delhi
C0188,Customer 0188,2024-06-12,Hyderabad,Karnataka
C0189,Customer 0189,2023-06-19,Ahmedabad,West Bengal
C0190,Customer 0190,2024-11-20,Pune,Telangana
C0191,Customer 0191,2025-01-15,Kolkata,West Bengal
C0192,Customer 0192,2023-09-07,Kolkata,Rajasthan
C0193,Customer 0193,2024-07-11,Delhi,Gujarat
C0194,Customer 0194,2024-07-17,Hyderabad,Rajasthan
C0195,Customer 0195,2023-06-25,Pune,Telangana
C0196,Customer 0196,2023-01-10,Kolkata,Maharashtra
C0197,Customer 0197,2024-12-19,Pune,Gujarat
C0198,Customer 0198,2024-09-07,Jaipur,Rajasthan
C0199,Customer 0199,2024-12-14,Delhi,West Bengal
C0200,Customer 0200,2024-01-13,Delhi,Karnataka
C0201,Customer 0201,2024-05-30,Delhi,Karnataka
C0202,Customer 0202,2025-09-08,Jaipur,Karnataka
C0203,Customer 0203,2023-08-14,Ahmedabad,Rajasthan
C0204,Customer 0204,2024-10-14,Bengaluru,Maharashtra
C0205,Customer 0205,2023-05-13,Hyderabad,Telangana
C0206,Customer 0206,2023-03-07,Kolkata,West Bengal
C0207,Customer 0207,2025-08-15,Hyderabad,West Bengal
C0208,Customer 0208,2023-05-10,Bengaluru,Karnataka
C0209,Customer 0209,2024-10-17,Mumbai,Delhi
C0210,Customer 0210,2024-05-29,Ahmedabad,Karnataka
C0211,Customer 0211,2025-03-20,Pune,Karnataka
C0212,Customer 0212,2024-06-30,Ahmedabad,Maharashtra
C0213,Customer 0213,2024-11-27,Jaipur,Maharashtra
C0214,Customer 0214,2025-06-13,Delhi,West Bengal
C0215,Customer 0215,2025-04-09,Delhi,Maharashtra
C0216,Customer 0216,2024-12-22,Hyderabad,Rajasthan
C0217,Customer 0217,2023-06-12,Pune,Gujarat
C0218,Customer 0218,2023-06-19,Mumbai,Telangana
C0219,Customer 0219,2024-05-11,Mumbai,Maharashtra
C0220,Customer 0220,2024-10-20,Pune,Telangana
C0221,Customer 0221,2024-10-29,Kolkata,West Bengal
C0222,Customer 0222,2025-02-25,Kolkata,West Bengal
C0223,Customer 0223,2023-04-14,Bengaluru,Gujarat
C0224,Customer 0224,2023-06-23,Hyderabad,Telangana
C0225,Customer 0225,2023-05-30,Jaipur,Rajasthan
C0226,Customer 0226,2024-06-25,Kolkata,Karnataka
C0227,Customer 0227,2024-09-25,Jaipur,Gujarat
C0228,Customer 0228,2023-04-26,Mumbai,Gujarat
C0229,Customer 0229,2025-05-18,Hyderabad,Gujarat
C0230,Customer 0230,2023-10-31,Kolkata,West Bengal
C0231,Customer 0231,2024-10-22,Delhi,Karnataka
C0232,Customer 0232,2025-01-21,Hyderabad,Rajasthan
C0233,Customer 0233,2023-02-06,Delhi,Karnataka
C0234,Customer 0234,2025-05-14,Jaipur,Maharashtra
C0235,Customer 0235,2025-08-28,Bengaluru,Gujarat
C0236,Customer 0236,2025-08-16,Pune,Gujarat
C0237,Customer 0237,2023-05-20,Mumbai,Maharashtra
C0238,Customer 0238,2024-01-28,Kolkata,Maharashtra
C0239,Customer 0239,2023-08-21,Pune,Delhi
C0240,Customer 0240,2024-03-26,Bengaluru,Rajasthan
C0241,Customer 0241,2025-09-01,Bengaluru,Maharashtra
C0242,Customer 0242,2025-02-02,Bengaluru,Delhi
C0243,Customer 0243,2025-02-10,Jaipur,Delhi
C0244,Customer 0244,2024-02-26,Pune,West Bengal
C0245,Customer 0245,2025-07-25,Ahmedabad,Telangana
C0246,Customer 0246,2025-07-09,Bengaluru,Karnataka
C0247,Customer 0247,2025-03-17,Bengaluru,Delhi
C0248,Customer 0248,2025-03-25,Kolkata,Gujarat
C0249,Customer 0249,2024-10-13,Pune,Telangana
C0250,Customer 0250,2023-04-06,Mumbai,Karnataka
C0251,Customer 0251,2023-10-12,Jaipur,Karnataka
C0252,Customer 0252,2025-02-07,Ahmedabad,Karnataka
C0253,Customer 0253,2023-11-23,Hyderabad,Gujarat
C0254,Customer 0254,2023-06-22,Hyderabad,Gujarat
C0255,Customer 0255,2025-08-05,Mumbai,Karnataka
C0256,Customer 0256,2024-05-03,Delhi,Telangana
C0257,Customer 0257,2025-05-10,Bengaluru,West Bengal
C0258,Customer 0258,2023-10-12,Ahmedabad,Maharashtra
C0259,Customer 0259,2023-12-26,Mumbai,West Bengal
C0260,Customer 0260,2023-12-10,Pune,Telangana
C0261,Customer 0261,2024-01-09,Kolkata,Delhi
C0262,Customer 0262,2024-03-13,Delhi,West Bengal
C0263,Customer 0263,2023-10-25,Delhi,Telangana
C0264,Customer 0264,2025-03-25,Delhi,Maharashtra
C0265,Customer 0265,2023-11-23,Kolkata,Delhi
C0266,Customer 0266,2024-03-17,Pune,West Bengal
C0267,Customer 0267,2025-05-10,Kolkata,Gujarat
C0268,Customer 0268,2024-03-13,Kolkata,Rajasthan
C0269,Customer 0269,2023-01-11,Bengaluru,Telangana
C0270,Customer 0270,2023-01-01,Jaipur,Rajasthan
C0271,Customer 0271,2024-03-12,Mumbai,Maharashtra
C0272,Customer 0272,2024-10-10,Pune,Karnataka
C0273,Customer 0273,2025-07-31,Bengaluru,Delhi
C0274,Customer 0274,2023-05-11,Jaipur,Karnataka
C0275,Customer 0275,2024-06-26,Kolkata,Karnataka
C0276,Customer 0276,2023-10-16,Mumbai,Telangana
C0277,Customer 0277,2024-03-26,Pune,Gujarat
C0278,Customer 0278,2024-03-18,Kolkata,Delhi
C0279,Customer 0279,2023-11-09,Pune,Gujarat
C0280,Customer 0280,2023-01-19,Hyderabad,Delhi
C0281,Customer 0281,2023-03-15,Jaipur,Rajasthan
C0282,Customer 0282,2024-06-06,Hyderabad,Karnataka
C0283,Customer 0283,2023-08-13,Ahmedabad,Maharashtra
C0284,Customer 0284,2023-11-24,Kolkata,Delhi
C0285,Customer 0285,2023-04-01,Jaipur,Maharashtra
C0286,Customer 0286,2023-02-19,Delhi,West Bengal
C0287,Customer 0287,2023-05-07,Jaipur,Telangana
C0288,Customer 0288,2024-01-13,Kolkata,Gujarat
C0289,Customer 0289,2023-06-13,Mumbai,Delhi
C0290,Customer 0290,2023-08-20,Pune,Rajasthan
C0291,Customer 0291,2023-10-30,Bengaluru,Maharashtra
C0292,Customer 0292,2023-10-19,Hyderabad,Gujarat
C0293,Customer 0293,2023-01-12,Kolkata,West Bengal
C0294,Customer 0294,2023-04-28,Mumbai,Rajasthan
C0295,Customer 0295,2025-08-08,Ahmedabad,Karnataka
C0296,Customer 0296,2024-10-29,Mumbai,Maharashtra
C0297,Customer 0297,2023-05-04,Delhi,Gujarat
C0298,Customer 0298,2023-10-11,Jaipur,Delhi
C0299,Customer 0299,2024-01-19,Mumbai,Karnataka
C0300,Customer 0300,2025-06-24,Pune,Gujarat
C0301,Customer 0301,2025-05-29,Ahmedabad,Karnataka
C0302,Customer 0302,2025-02-09,Ahmedabad,Gujarat
C0303,Customer 0303,2023-04-17,Pune,Telangana
C0304,Customer 0304,2024-05-05,Bengaluru,Telangana
C0305,Customer 0305,2024-04-28,Delhi,Delhi
C0306,Customer 0306,2024-09-29,Kolkata,West Bengal
C0307,Customer 0307,2025-04-24,Bengaluru,Delhi
C0308,Customer 0308,2023-11-17,Ahmedabad,West Bengal
C0309,Customer 0309,2024-07-10,Hyderabad,West Bengal
C0310,Customer 0310,2023-09-21,Kolkata,Karnataka
C0311,Customer 0311,2023-07-30,Kolkata,West Bengal
C0312,Customer 0312,2023-11-10,Hyderabad,Gujarat
C0313,Customer 0313,2025-01-05,Hyderabad,Gujarat
C0314,Customer 0314,2024-03-13,Delhi,Rajasthan
C0315,Customer 0315,2024-11-12,Jaipur,Rajasthan
C0316,Customer 0316,2024-11-22,Pune,Rajasthan
C0317,Customer 0317,2023-12-29,Hyderabad,Rajasthan
C0318,Customer 0318,2025-08-13,Hyderabad,Gujarat
C0319,Customer 0319,2023-02-16,Mumbai,Delhi
C0320,Customer 0320,2025-06-15,Pune,Rajasthan
C0321,Customer 0321,2023-01-08,Ahmedabad,West Bengal
C0322,Customer 0322,2024-01-18,Jaipur,Delhi
C0323,Customer 0323,2025-04-05,Bengaluru,Gujarat
C0324,Customer 0324,2024-11-15,Kolkata,West Bengal
C0325,Customer 0325,2023-11-18,Delhi,Karnataka
C0326,Customer 0326,2025-06-04,Mumbai,West Bengal
C0327,Customer 0327,2023-05-18,Bengaluru,West Bengal
C0328,Customer 0328,2024-11-01,Hyderabad,Delhi
C0329,Customer 0329,2024-06-02,Mumbai,Delhi
C0330,Customer 0330,2023-07-27,Ahmedabad,Maharashtra
C0331,Customer 0331,2025-07-09,Delhi,Karnataka
C0332,Customer 0332,2025-02-04,Mumbai,Gujarat
C0333,Customer 0333,2023-01-09,Pune,Delhi
C0334,Customer 0334,2023-03-28,Jaipur,Delhi
C0335,Customer 0335,2023-02-26,Ahmedabad,Maharashtra
C0336,Customer 0336,2024-02-20,Hyderabad,Delhi
C0337,Customer 0337,2024-02-22,Ahmedabad,West Bengal
C0338,Customer 0338,2024-12-24,Mumbai,Maharashtra
C0339,Customer 0339,2024-11-06,Bengaluru,West Bengal
C0340,Customer 0340,2023-01-16,Kolkata,Rajasthan
C0341,Customer 0341,2024-04-21,Jaipur,Rajasthan
C0342,Customer 0342,2025-02-23,Bengaluru,Gujarat
C0343,Customer 0343,2025-06-16,Bengaluru,Delhi
C0344,Customer 0344,2023-10-20,Bengaluru,Rajasthan
C0345,Customer 0345,2023-02-14,Bengaluru,Telangana
C0346,Customer 0346,2023-06-02,Hyderabad,Delhi
C0347,Customer 0347,2023-12-07,Delhi,Rajasthan
C0348,Customer 0348,2024-03-19,Kolkata,Maharashtra
C0349,Customer 0349,2023-12-18,Kolkata,Karnataka
C0350,Customer 0350,2023-04-01,Delhi,Karnataka
C0351,Customer 0351,2023-12-07,Kolkata,Telangana
C0352,Customer 0352,2023-10-17,Mumbai,Rajasthan
C0353,Customer 0353,2024-05-02,Jaipur,Maharashtra
C0354,Customer 0354,2023-03-21,Bengaluru,Maharashtra
C0355,Customer 0355,2025-03-01,Ahmedabad,Maharashtra
C0356,Customer 0356,2024-02-22,Ahmedabad,Karnataka
C0357,Customer 0357,2023-11-14,Hyderabad,Delhi
C0358,Customer 0358,2025-06-25,Ahmedabad,Telangana
C0359,Customer 0359,2025-01-14,Mumbai,West Bengal
C0360,Customer 0360,2023-05-17,Kolkata,Telangana
C0361,Customer 0361,2023-05-27,Hyderabad,Maharashtra
C0362,Customer 0362,2023-01-03,Delhi,Karnataka
C0363,Customer 0363,2024-07-14,Delhi,Telangana
C0364,Customer 0364,2023-12-21,Mumbai,Gujarat
C0365,Customer 0365,2024-01-11,Jaipur,Maharashtra
C0366,Customer 0366,2024-05-24,Mumbai,Rajasthan
C0367,Customer 0367,2024-06-23,Kolkata,Telangana
C0368,Customer 0368,2023-01-01,Delhi,Telangana
C0369,Customer 0369,2023-04-18,Hyderabad,Rajasthan
C0370,Customer 0370,2025-02-28,Kolkata,Telangana
C0371,Customer 0371,2025-08-11,Mumbai,Rajasthan
C0372,Customer 0372,2025-04-17,Hyderabad,Telangana
C0373,Customer 0373,2025-06-25,Bengaluru,Gujarat
C0374,Customer 0374,2024-04-08,Mumbai,Rajasthan
C0375,Customer 0375,2025-04-06,Kolkata,Gujarat
C0376,Customer 0376,2025-06-01,Hyderabad,Rajasthan
C0377,Customer 0377,2025-06-11,Bengaluru,Delhi
C0378,Customer 0378,2023-05-30,Ahmedabad,Telangana
C0379,Customer 0379,2023-05-27,Kolkata,Maharashtra
C0380,Customer 0380,2024-02-07,Ahmedabad,West Bengal
C0381,Customer 0381,2024-05-18,Ahmedabad,West Bengal
C0382,Customer 0382,2025-08-16,Mumbai,West Bengal
C0383,Customer 0383,2023-11-14,Mumbai,Rajasthan
C0384,Customer 0384,2025-04-11,Delhi,Delhi
C0385,Customer 0385,2025-06-06,Hyderabad,Delhi
C0386,Customer 0386,2025-08-23,Ahmedabad,Telangana
C0387,Customer 0387,2023-07-09,Hyderabad,Karnataka
C0388,Customer 0388,2023-08-30,Pune,Gujarat
C0389,Customer 0389,2023-08-08,Ahmedabad,Delhi
C0390,Customer 0390,2025-01-05,Delhi,Delhi
C0391,Customer 0391,2024-11-17,Mumbai,Telangana
C0392,Customer 0392,2024-02-12,Hyderabad,Telangana
C0393,Customer 0393,2023-03-30,Jaipur,Telangana
C0394,Customer 0394,2024-06-04,Kolkata,Maharashtra
C0395,Customer 0395,2025-01-02,Delhi,Karnataka
C0396,Customer 0396,2024-04-19,Ahmedabad,West Bengal
C0397,Customer 0397,2023-09-26,Pune,Telangana
C0398,Customer 0398,2024-08-15,Ahmedabad,West Bengal
C0399,Customer 0399,2024-10-22,Ahmedabad,Karnataka
C0400,Customer 0400,2024-08-14,Pune,Rajasthan
C0401,Customer 0401,2025-05-23,Ahmedabad,Gujarat
C0402,Customer 0402,2023-11-10,Mumbai,Karnataka
C0403,Customer 0403,2024-09-01,Pune,Rajasthan
C0404,Customer 0404,2025-05-05,Kolkata,Rajasthan
C0405,Customer 0405,2023-08-01,Jaipur,Maharashtra
C0406,Customer 0406,2023-10-09,Mumbai,Delhi
C0407,Customer 0407,2023-02-19,Jaipur,Telangana
C0408,Customer 0408,2024-01-10,Pune,Telangana
C0409,Customer 0409,2023-02-14,Ahmedabad,Maharashtra
C0410,Customer 0410,2025-01-16,Jaipur,Rajasthan
C0411,Customer 0411,2023-03-30,Pune,Rajasthan
C0412,Customer 0412,2024-11-23,Bengaluru,West Bengal
C0413,Customer 0413,2024-08-02,Ahmedabad,Maharashtra
C0414,Customer 0414,2025-09-14,Delhi,Rajasthan
C0415,Customer 0415,2023-12-15,Delhi,Telangana
C0416,Customer 0416,2023-12-11,Jaipur,West Bengal
C0417,Customer 0417,2023-09-01,Bengaluru,Rajasthan
C0418,Customer 0418,2024-06-21,Bengaluru,West Bengal
C0419,Customer 0419,2023-08-08,Kolkata,Gujarat
C0420,Customer 0420,2023-04-24,Bengaluru,Delhi
C0421,Customer 0421,2025-08-06,Delhi,Gujarat
C0422,Customer 0422,2024-11-10,Hyderabad,Maharashtra
C0423,Customer 0423,2023-04-29,Jaipur,Telangana
C0424,Customer 0424,2024-09-10,Mumbai,Rajasthan
C0425,Customer 0425,2023-11-01,Hyderabad,Delhi
C0426,Customer 0426,2023-06-30,Mumbai,Gujarat
C0427,Customer 0427,2024-04-16,Pune,Gujarat
C0428,Customer 0428,2025-02-26,Bengaluru,Rajasthan
C0429,Customer 0429,2023-01-01,Kolkata,Delhi
C0430,Customer 0430,2023-12-22,Mumbai,Telangana
C0431,Customer 0431,2025-07-09,Kolkata,West Bengal
C0432,Customer 0432,2024-01-30,Hyderabad,Telangana
C0433,Customer 0433,2023-04-10,Hyderabad,Telangana
C0434,Customer 0434,2024-03-04,Delhi,Maharashtra
C0435,Customer 0435,2024-11-13,Jaipur,Rajasthan
C0436,Customer 0436,2025-09-23,Hyderabad,Gujarat
C0437,Customer 0437,2024-09-20,Bengaluru,Gujarat
C0438,Customer 0438,2023-02-20,Mumbai,Karnataka
C0439,Customer 0439,2025-03-20,Kolkata,Karnataka
C0440,Customer 0440,2025-02-19,Mumbai,Delhi
C0441,Customer 0441,2024-10-13,Bengaluru,Karnataka
C0442,Customer 0442,2025-06-15,Hyderabad,Delhi
C0443,Customer 0443,2025-02-08,Kolkata,Maharashtra
C0444,Customer 0444,2023-08-21,Kolkata,Rajasthan
C0445,Customer 0445,2024-02-26,Hyderabad,Telangana
C0446,Customer 0446,2024-05-22,Jaipur,Delhi
C0447,Customer 0447,2024-05-03,Jaipur,Gujarat
C0448,Customer 0448,2024-09-30,Hyderabad,Karnataka
C0449,Customer 0449,2024-12-02,Pune,West Bengal
C0450,Customer 0450,2023-04-14,Delhi,Delhi
C0451,Customer 0451,2024-07-22,Hyderabad,Delhi
C0452,Customer 0452,2023-02-08,Kolkata,Delhi
C0453,Customer 0453,2024-05-26,Jaipur,Telangana
C0454,Customer 0454,2024-02-27,Ahmedabad,Rajasthan
C0455,Customer 0455,2023-07-25,Mumbai,Telangana
C0456,Customer 0456,2025-09-17,Bengaluru,Gujarat
C0457,Customer 0457,2023-09-16,Hyderabad,Telangana
C0458,Customer 0458,2023-02-26,Delhi,Rajasthan
C0459,Customer 0459,2023-12-25,Delhi,Karnataka
C0460,Customer 0460,2025-01-27,Kolkata,Karnataka
C0461,Customer 0461,2023-01-10,Mumbai,Maharashtra
C0462,Customer 0462,2024-05-07,Delhi,Karnataka
C0463,Customer 0463,2024-02-22,Hyderabad,Gujarat
C0464,Customer 0464,2025-05-15,Delhi,Gujarat
C0465,Customer 0465,2023-01-03,Ahmedabad,Maharashtra
C0466,Customer 0466,2023-01-18,Jaipur,Maharashtra
C0467,Customer 0467,2024-07-19,Pune,Delhi
C0468,Customer 0468,2023-06-29,Bengaluru,Maharashtra
C0469,Customer 0469,2024-12-05,Kolkata,Karnataka
C0470,Customer 0470,2023-10-06,Pune,Telangana
C0471,Customer 0471,2024-07-16,Kolkata,Delhi
C0472,Customer 0472,2023-02-07,Delhi,Delhi
C0473,Customer 0473,2024-11-24,Bengaluru,Rajasthan
C0474,Customer 0474,2024-06-02,Ahmedabad,Rajasthan
C0475,Customer 0475,2023-01-01,Delhi,Rajasthan
C0476,Customer 0476,2023-09-23,Kolkata,Delhi
C0477,Customer 0477,2023-03-01,Ahmedabad,Telangana
C0478,Customer 0478,2023-02-14,Hyderabad,Gujarat
C0479,Customer 0479,2024-11-29,Delhi,West Bengal
C0480,Customer 0480,2024-03-03,Ahmedabad,Karnataka
C0481,Customer 0481,2025-03-13,Ahmedabad,Karnataka
C0482,Customer 0482,2023-09-15,Mumbai,West Bengal
C0483,Customer 0483,2024-12-18,Pune,Delhi
C0484,Customer 0484,2024-09-07,Jaipur,Telangana
C0485,Customer 0485,2024-10-25,Bengaluru,Gujarat
C0486,Customer 0486,2025-04-08,Delhi,Karnataka
C0487,Customer 0487,2024-12-08,Pune,Delhi
C0488,Customer 0488,2025-01-15,Pune,Telangana
C0489,Customer 0489,2025-01-09,Pune,West Bengal
C0490,Customer 0490,2024-03-23,Hyderabad,Delhi
C0491,Customer 0491,2024-12-25,Kolkata,Karnataka
C0492,Customer 0492,2025-04-22,Delhi,Rajasthan
C0493,Customer 0493,2025-01-08,Delhi,Delhi
C0494,Customer 0494,2024-08-30,Delhi,Gujarat
C0495,Customer 0495,2023-03-16,Kolkata,Karnataka
C0496,Customer 0496,2024-03-12,Jaipur,Delhi
C0497,Customer 0497,2023-03-05,Jaipur,Maharashtra
C0498,Customer 0498,2023-04-14,Delhi,Rajasthan
C0499,Customer 0499,2023-12-28,Ahmedabad,Gujarat
C0500,Customer 0500,2024-04-09,Pune,West Bengal
C0501,Customer 0501,2024-06-11,Kolkata,Rajasthan
C0502,Customer 0502,2025-06-19,Delhi,Delhi
C0503,Customer 0503,2025-02-01,Bengaluru,Gujarat
C0504,Customer 0504,2024-02-27,Pune,West Bengal
C0505,Customer 0505,2023-12-01,Jaipur,Gujarat
C0506,Customer 0506,2024-12-13,Kolkata,Gujarat
C0507,Customer 0507,2023-10-03,Ahmedabad,West Bengal
C0508,Customer 0508,2025-06-02,Delhi,Maharashtra
C0509,Customer 0509,2025-02-20,Ahmedabad,West Bengal
C0510,Customer 0510,2024-11-13,Bengaluru,West Bengal
C0511,Customer 0511,2023-09-07,Mumbai,Delhi
C0512,Customer 0512,2024-09-13,Kolkata,Rajasthan
C0513,Customer 0513,2025-03-31,Pune,Karnataka
C0514,Customer 0514,2023-03-13,Delhi,Gujarat
C0515,Customer 0515,2023-06-27,Ahmedabad,Gujarat
C0516,Customer 0516,2024-05-30,Hyderabad,Rajasthan
C0517,Customer 0517,2023-12-26,Delhi,Maharashtra
C0518,Customer 0518,2024-12-10,Hyderabad,Gujarat
C0519,Customer 0519,2024-02-06,Hyderabad,Rajasthan
C0520,Customer 0520,2025-09-23,Mumbai,Gujarat
C0521,Customer 0521,2023-10-27,Bengaluru,Maharashtra
C0522,Customer 0522,2023-12-27,Ahmedabad,Rajasthan
C0523,Customer 0523,2023-01-04,Delhi,Delhi
C0524,Customer 0524,2023-09-05,Hyderabad,Gujarat
C0525,Customer 0525,2023-08-24,Ahmedabad,West Bengal
C0526,Customer 0526,2025-02-01,Kolkata,Rajasthan
C0527,Customer 0527,2023-12-04,Mumbai,Karnataka
C0528,Customer 0528,2023-07-23,Mumbai,Delhi
C0529,Customer 0529,2023-11-10,Kolkata,Telangana
C0530,Customer 0530,2024-07-16,Bengaluru,Gujarat
C0531,Customer 0531,2025-02-24,Pune,West Bengal
C0532,Customer 0532,2025-09-05,Pune,Maharashtra
C0533,Customer 0533,2023-02-17,Pune,Maharashtra
C0534,Customer 0534,2025-04-20,Pune,Maharashtra
C0535,Customer 0535,2024-01-24,Bengaluru,Gujarat
C0536,Customer 0536,2025-03-19,Bengaluru,Karnataka
C0537,Customer 0537,2023-02-07,Bengaluru,Rajasthan
C0538,Customer 0538,2024-09-18,Hyderabad,West Bengal
C0539,Customer 0539,2025-07-19,Ahmedabad,Rajasthan
C0540,Customer 0540,2023-02-09,Pune,West Bengal
C0541,Customer 0541,2025-03-01,Hyderabad,Delhi
C0542,Customer 0542,2023-04-25,Bengaluru,Karnataka
C0543,Customer 0543,2025-09-09,Ahmedabad,Maharashtra
C0544,Customer 0544,2025-01-14,Bengaluru,Telangana
C0545,Customer 0545,2025-06-29,Bengaluru,Maharashtra
C0546,Customer 0546,2025-06-16,Jaipur,Maharashtra
C0547,Customer 0547,2023-11-12,Mumbai,Karnataka
C0548,Customer 0548,2024-02-20,Hyderabad,West Bengal
C0549,Customer 0549,2024-11-22,Jaipur,Delhi
C0550,Customer 0550,2023-06-24,Delhi,Delhi
C0551,Customer 0551,2023-11-03,Ahmedabad,Rajasthan
C0552,Customer 0552,2023-04-10,Ahmedabad,Gujarat
C0553,Customer 0553,2025-06-07,Bengaluru,Telangana
C0554,Customer 0554,2023-09-05,Bengaluru,Telangana
C0555,Customer 0555,2024-02-15,Pune,Rajasthan
C0556,Customer 0556,2024-03-28,Ahmedabad,Gujarat
C0557,Customer 0557,2024-01-11,Bengaluru,Gujarat
C0558,Customer 0558,2025-02-16,Delhi,West Bengal
C0559,Customer 0559,2025-07-03,Bengaluru,West Bengal
C0560,Customer 0560,2024-07-26,Mumbai,Delhi
C0561,Customer 0561,2025-04-16,Hyderabad,Telangana
C0562,Customer 0562,2023-04-21,Delhi,Maharashtra
C0563,Customer 0563,2025-08-24,Pune,Telangana
C0564,Customer 0564,2023-04-26,Delhi,Maharashtra
C0565,Customer 0565,2023-03-08,Kolkata,Telangana
C0566,Customer 0566,2023-01-23,Hyderabad,West Bengal
C0567,Customer 0567,2023-09-01,Delhi,Telangana
C0568,Customer 0568,2025-04-17,Kolkata,West Bengal
C0569,Customer 0569,2023-10-28,Pune,West Bengal
C0570,Customer 0570,2025-03-01,Pune,Rajasthan
C0571,Customer 0571,2024-02-29,Jaipur,West Bengal
C0572,Customer 0572,2023-04-14,Delhi,Gujarat
C0573,Customer 0573,2024-04-18,Ahmedabad,Maharashtra
C0574,Customer 0574,2023-08-21,Bengaluru,Telangana
C0575,Customer 0575,2023-10-19,Pune,Telangana
C0576,Customer 0576,2024-06-01,Kolkata,Gujarat
C0577,Customer 0577,2025-03-01,Bengaluru,Gujarat
C0578,Customer 0578,2024-08-09,Bengaluru,Rajasthan
C0579,Customer 0579,2023-08-12,Ahmedabad,Rajasthan
C0580,Customer 0580,2024-12-18,Jaipur,Delhi
C0581,Customer 0581,2024-11-27,Bengaluru,Karnataka
C0582,Customer 0582,2023-08-26,Ahmedabad,Gujarat
C0583,Customer 0583,2025-05-01,Delhi,Telangana
C0584,Customer 0584,2025-04-23,Mumbai,Rajasthan
C0585,Customer 0585,2024-08-26,Bengaluru,Gujarat
C0586,Customer 0586,2023-10-24,Jaipur,Karnataka
C0587,Customer 0587,2023-12-21,Jaipur,Maharashtra
C0588,Customer 0588,2024-03-15,Mumbai,Gujarat
C0589,Customer 0589,2023-07-07,Kolkata,Maharashtra
C0590,Customer 0590,2023-11-02,Delhi,Telangana
C0591,Customer 0591,2023-05-15,Hyderabad,Delhi
C0592,Customer 0592,2023-06-04,Bengaluru,Maharashtra
C0593,Customer 0593,2025-01-14,Ahmedabad,Karnataka
C0594,Customer 0594,2023-05-09,Mumbai,Telangana
C0595,Customer 0595,2024-04-14,Ahmedabad,West Bengal
C0596,Customer 0596,2024-03-05,Mumbai,Maharashtra
C0597,Customer 0597,2023-02-16,Ahmedabad,West Bengal
C0598,Customer 0598,2025-04-11,Ahmedabad,Gujarat
C0599,Customer 0599,2025-09-10,Bengaluru,Maharashtra
C0600,Customer 0600,2024-09-30,Hyderabad,Rajasthan
C0601,Customer 0601,2024-11-02,Jaipur,Delhi
C0602,Customer 0602,2023-08-21,Bengaluru,Telangana
C0603,Customer 0603,2025-04-24,Mumbai,Gujarat
C0604,Customer 0604,2025-02-23,Kolkata,Telangana
C0605,Customer 0605,2024-03-14,Kolkata,Gujarat
C0606,Customer 0606,2024-12-06,Ahmedabad,Rajasthan
C0607,Customer 0607,2025-08-13,Kolkata,Karnataka
C0608,Customer 0608,2024-08-25,Kolkata,West Bengal
C0609,Customer 0609,2023-07-19,Ahmedabad,Maharashtra
C0610,Customer 0610,2023-11-27,Pune,West Bengal
C0611,Customer 0611,2023-07-05,Delhi,Rajasthan
C0612,Customer 0612,2023-11-28,Ahmedabad,West Bengal
C0613,Customer 0613,2025-06-09,Delhi,Gujarat
C0614,Customer 0614,2023-07-09,Delhi,Telangana
C0615,Customer 0615,2025-06-10,Kolkata,Telangana
C0616,Customer 0616,2023-10-13,Jaipur,West Bengal
C0617,Customer 0617,2024-05-14,Delhi,Maharashtra
C0618,Customer 0618,2024-06-12,Pune,Delhi
C0619,Customer 0619,2023-05-06,Pune,West Bengal
C0620,Customer 0620,2023-07-04,Jaipur,Rajasthan
C0621,Customer 0621,2023-11-02,Bengaluru,Telangana
C0622,Customer 0622,2023-03-01,Delhi,Delhi
C0623,Customer 0623,2025-01-24,Mumbai,West Bengal
C0624,Customer 0624,2024-06-30,Delhi,West Bengal
C0625,Customer 0625,2025-04-25,Hyderabad,Karnataka
C0626,Customer 0626,2025-05-13,Bengaluru,Karnataka
C0627,Customer 0627,2023-12-14,Kolkata,Karnataka
C0628,Customer 0628,2025-03-28,Jaipur,Maharashtra
C0629,Customer 0629,2023-03-03,Ahmedabad,West Bengal
C0630,Customer 0630,2024-03-05,Kolkata,Maharashtra
C0631,Customer 0631,2024-10-27,Bengaluru,West Bengal
C0632,Customer 0632,2024-04-11,Hyderabad,Telangana
C0633,Customer 0633,2025-01-09,Bengaluru,West Bengal
C0634,Customer 0634,2025-05-08,Pune,Telangana
C0635,Customer 0635,2024-02-29,Kolkata,Gujarat
C0636,Customer 0636,2023-10-02,Pune,Karnataka
C0637,Customer 0637,2024-08-06,Pune,Karnataka
C0638,Customer 0638,2025-05-18,Kolkata,Delhi
C0639,Customer 0639,2025-09-14,Bengaluru,Delhi
C0640,Customer 0640,2025-03-26,Delhi,Rajasthan
C0641,Customer 0641,2023-09-02,Hyderabad,Maharashtra
C0642,Customer 0642,2023-07-25,Hyderabad,West Bengal
C0643,Customer 0643,2024-07-26,Delhi,West Bengal
C0644,Customer 0644,2024-02-07,Hyderabad,Telangana
C0645,Customer 0645,2024-09-02,Jaipur,Maharashtra
C0646,Customer 0646,2025-07-12,Mumbai,Karnataka
C0647,Customer 0647,2024-07-03,Ahmedabad,Gujarat
C0648,Customer 0648,2023-12-22,Pune,Rajasthan
C0649,Customer 0649,2025-05-19,Pune,West Bengal
C0650,Customer 0650,2024-03-15,Pune,West Bengal
