order_id,customer_id,order_date,order_total,status
O00001,C0141,2025-11-29,19980.03,Delivered
O00002,C0301,2025-04-24,25268.85,Delivered
O00003,C0224,2025-06-18,9346.6,Delivered
O00004,C0444,2024-06-22,16381.22,Delivered
O00005,C0543,2024-02-07,29380.9,Delivered
O00006,C0043,2025-03-23,12157.68,Delivered
O00007,C0431,2024-11-24,2406.47,Delivered
O00008,C0043,2025-01-14,16442.47,Delivered
O00009,C0280,2024-05-01,27001.21,Cancelled
O00010,C0121,2024-02-26,1706.9,Delivered
O00011,C0103,2024-06-11,17201.8,Cancelled
O00012,C0303,2025-07-24,21065.36,Delivered
O00013,C0196,2024-08-26,3452.69,Delivered
O00014,C0603,2024-04-13,13334.32,Delivered
O00015,C0361,2024-04-11,8516.84,Delivered
O00016,C0265,2025-10-23,8194.84,Delivered
O00017,C0291,2025-06-09,13209.44,Delivered
O00018,C0554,2025-10-07,17414.08,Delivered
O00019,C0637,2025-11-29,30906.63,Delivered
O00020,C0202,2024-06-14,9804.62,Delivered
O00021,C0589,2024-02-18,3115.04,Delivered
O00022,C0183,2024-09-15,27846.02,Delivered
O00023,C0600,2024-01-13,739.14,Delivered
O00024,C0344,2025-06-20,10392.83,Delivered
O00025,C0378,2025-04-16,10085.67,Delivered
O00026,C0583,2024-08-16,18899.32,Delivered
O00027,C0039,2025-07-15,21225.05,Delivered
O00028,C0021,2024-08-02,13960.65,Delivered
O00029,C0593,2025-12-26,27690.03,Delivered
O00030,C0212,2025-07-06,949.87,Delivered
O00031,C0499,2024-02-27,18392.08,Delivered
O00032,C0546,2024-07-01,4339.8,Delivered
O00033,C0293,2024-06-24,21665.64,Delivered
O00034,C0532,2024-07-15,11846.05,Delivered
O00035,C0247,2024-02-15,17437.89,Delivered
O00036,C0130,2024-08-20,4692.69,Delivered
O00037,C0615,2024-02-15,12763.56,Delivered
O00038,C0598,2024-03-07,13622.35,Cancelled
O00039,C0255,2025-12-02,4165.72,Delivered
O00040,C0230,2025-09-01,13940.04,Delivered
O00041,C0393,2025-06-16,8021.4,Cancelled
O00042,C0197,2025-12-21,1187.34,Delivered
O00043,C0134,2025-02-25,10361.66,Delivered
O00044,C0299,2025-03-03,13098.4,Delivered
O00045,C0326,2025-05-20,14505.77,Delivered
O00046,C0642,2025-09-19,11872.3,Delivered
O00047,C0307,2024-02-02,23628.92,Delivered
O00048,C0230,2024-03-18,13638.23,Delivered
O00049,C0143,2025-03-23,11780.63,Delivered
O00050,C0046,2025-01-12,9568.09,Delivered
O00051,C0234,2024-11-01,2148.56,Delivered
O00052,C0452,2024-04-24,6580.68,Delivered
O00053,C0612,2025-08-25,727.03,Cancelled
O00054,C0297,2025-04-03,3884.46,Delivered
O00055,C0196,2025-04-06,7593.9,Delivered
O00056,C0443,2024-02-15,4822.28,Delivered
O00057,C0361,2025-03-11,6975.82,Delivered
O00058,C0636,2025-01-24,12965.39,Delivered
O00059,C0016,2024-05-02,14001.3,Delivered
O00060,C0071,2024-11-08,26060.21,Delivered
O00061,C0363,2025-07-28,8017.95,Delivered
O00062,C0639,2024-10-30,8386.86,Delivered
O00063,C0065,2024-04-23,7262.68,Delivered
O00064,C0352,2025-11-22,20382.35,Delivered
O00065,C0231,2025-06-10,15443.24,Delivered
O00066,C0179,2024-04-25,13846.11,Delivered
O00067,C0349,2025-09-10,9786.19,Delivered
O00068,C0246,2025-07-05,2411.49,Delivered
O00069,C0624,2024-07-14,12366.9,Delivered
O00070,C0253,2024-07-05,11323.99,Delivered
O00071,C0581,2024-09-25,3004.59,Delivered
O00072,C0229,2024-02-08,1476.98,Delivered
O00073,C0080,2024-11-05,23601.48,Delivered
O00074,C0114,2024-09-18,10215.47,Delivered
O00075,C0395,2024-01-29,6373.43,Delivered
O00076,C0367,2025-09-17,13534.22,Delivered
O00077,C0609,2025-05-25,4369.49,Delivered
O00078,C0257,2025-09-27,12435.82,Delivered
O00079,C0028,2025-05-22,9525.57,Delivered
O00080,C0551,2024-10-14,27274.52,Delivered
O00081,C0260,2024-12-21,8607.01,Delivered
O00082,C0442,2025-03-02,10993.24,Delivered
O00083,C0258,2024-06-16,11497.22,Delivered
O00084,C0083,2025-10-17,6144.05,Delivered
O00085,C0127,2025-07-16,12108.95,Delivered
O00086,C0393,2024-06-25,26093.83,Delivered
O00087,C0294,2024-02-06,15433.77,Delivered
O00088,C0358,2024-09-10,6977.34,Delivered
O00089,C0410,2025-02-24,10238.02,Delivered
O00090,C0377,2025-06-09,17193.05,Delivered
O00091,C0543,2024-11-11,3603.01,Delivered
O00092,C0322,2025-03-09,19434.21,Delivered
O00093,C0003,2024-02-19,1499.11,Delivered
O00094,C0631,2025-02-09,16682.67,Delivered
O00095,C0232,2025-07-20,23419.34,Delivered
O00096,C0603,2025-05-04,25822.67,Delivered
O00097,C0103,2025-09-11,19140.97,Delivered
O00098,C0473,2024-10-13,8146.5,Delivered
O00099,C0098,2025-07-21,10615.04,Delivered
O00100,C0017,2025-07-28,28000.03,Delivered
O00101,C0366,2025-12-15,13085.25,Delivered
O00102,C0384,2024-04-13,7319.85,Delivered
O00103,C0502,2025-06-02,6519.06,Delivered
O00104,C0586,2024-10-22,2768.03,Delivered
O00105,C0348,2025-03-01,20859.81,Delivered
O00106,C0336,2025-01-19,23959.97,Returned
O00107,C0208,2024-04-16,8768.98,Delivered
O00108,C0268,2024-08-07,31341.59,Delivered
O00109,C0255,2025-05-03,7929.21,Delivered
O00110,C0317,2025-07-20,2450.2,Delivered
O00111,C0102,2025-01-05,37533.87,Delivered
O00112,C0276,2025-09-06,7805.27,Delivered
O00113,C0060,2024-05-27,17714.41,Delivered
O00114,C0323,2025-06-18,14994.34,Delivered
O00115,C0334,2025-07-24,3776.0,Delivered
O00116,C0037,2024-11-07,12028.51,Delivered
O00117,C0617,2025-03-24,18817.63,Delivered
O00118,C0138,2024-08-14,12500.84,Delivered
O00119,C0570,2025-03-08,19786.44,Delivered
O00120,C0221,2024-05-12,14204.67,Delivered
O00121,C0018,2025-09-02,10015.85,Delivered
O00122,C0327,2024-09-20,12335.36,Delivered
O00123,C0336,2024-07-31,23919.04,Delivered
O00124,C0609,2025-09-19,34814.86,Delivered
O00125,C0550,2024-09-09,13718.1,Cancelled
O00126,C0307,2024-04-18,14334.49,Delivered
O00127,C0130,2024-01-09,1582.4,Delivered
O00128,C0166,2024-09-06,7822.22,Cancelled
O00129,C0346,2024-09-21,3391.07,Delivered
O00130,C0507,2025-02-25,6513.46,Delivered
O00131,C0623,2024-08-23,7788.36,Delivered
O00132,C0353,2025-04-21,30685.14,Delivered
O00133,C0153,2024-07-30,37930.6,Delivered
O00134,C0353,2025-03-21,32926.54,Delivered
O00135,C0489,2025-12-29,12653.64,Delivered
O00136,C0016,2024-02-04,2687.65,Delivered
O00137,C0382,2025-07-26,13324.11,Delivered
O00138,C0128,2024-06-29,20204.9,Delivered
O00139,C0420,2025-09-20,7569.25,Delivered
O00140,C0529,2024-01-12,18265.85,Delivered
O00141,C0611,2025-07-15,6140.97,Delivered
O00142,C0339,2024-07-02,1729.59,Delivered
O00143,C0318,2024-08-21,10749.58,Returned
O00144,C0092,2025-11-25,23397.72,Delivered
O00145,C0242,2025-07-26,25171.68,Delivered
O00146,C0061,2025-01-07,3746.83,Delivered
O00147,C0346,2024-02-05,29625.5,Returned
O00148,C0402,2024-10-17,4706.4,Delivered
O00149,C0297,2024-01-09,10542.75,Delivered
O00150,C0533,2024-01-25,15181.05,Delivered
O00151,C0331,2024-03-14,5226.51,Delivered
O00152,C0208,2025-06-05,7730.96,Delivered
O00153,C0461,2025-03-18,8387.45,Delivered
O00154,C0466,2025-12-20,20462.9,Delivered
O00155,C0491,2025-06-25,24974.95,Delivered
O00156,C0611,2025-06-30,21505.36,Delivered
O00157,C0303,2024-04-12,12129.67,Delivered
O00158,C0476,2025-12-30,1978.47,Delivered
O00159,C0409,2024-11-28,10643.17,Delivered
O00160,C0591,2024-04-13,16377.97,Returned
O00161,C0324,2024-03-01,29560.24,Delivered
O00162,C0302,2024-05-31,11358.03,Delivered
O00163,C0001,2024-06-28,14537.84,Delivered
O00164,C0621,2025-07-19,4052.56,Delivered
O00165,C0323,2024-03-16,21865.27,Delivered
O00166,C0286,2024-06-19,3576.97,Delivered
O00167,C0062,2024-03-20,26010.2,Delivered
O00168,C0569,2024-09-21,15098.55,Delivered
O00169,C0557,2025-03-26,14207.68,Delivered
O00170,C0369,2024-06-21,7572.02,Delivered
O00171,C0528,2025-11-28,11967.61,Delivered
O00172,C0334,2025-12-30,14170.76,Delivered
O00173,C0342,2024-01-16,17927.36,Delivered
O00174,C0042,2025-01-08,10014.81,Delivered
O00175,C0370,2024-08-20,19641.78,Delivered
O00176,C0321,2025-02-25,18382.09,Delivered
O00177,C0288,2025-05-27,25288.9,Delivered
O00178,C0199,2024-04-12,31329.84,Delivered
O00179,C0492,2024-10-10,12157.68,Delivered
O00180,C0311,2025-05-26,5567.18,Returned
O00181,C0528,2024-05-02,23626.78,Delivered
O00182,C0480,2024-02-01,11269.06,Delivered
O00183,C0529,2024-10-13,1973.83,Delivered
O00184,C0062,2025-05-10,1476.98,Delivered
O00185,C0477,2024-04-21,7552.0,Delivered
O00186,C0113,2024-06-22,12145.77,Delivered
O00187,C0391,2024-10-09,10044.19,Delivered
O00188,C0626,2024-11-05,6823.76,Delivered
O00189,C0247,2025-04-16,6369.81,Delivered
O00190,C0423,2024-11-27,6572.65,Delivered
O00191,C0448,2024-08-11,12607.13,Delivered
O00192,C0004,2025-06-06,13881.25,Delivered
O00193,C0480,2024-08-06,18109.58,Delivered
O00194,C0481,2024-08-27,7250.25,Delivered
O00195,C0529,2024-12-16,20972.22,Delivered
O00196,C0588,2025-09-17,13088.0,Delivered
O00197,C0492,2024-05-23,27987.02,Delivered
O00198,C0128,2025-01-17,20915.26,Returned
O00199,C0222,2024-03-28,2314.56,Delivered
O00200,C0149,2024-05-05,6099.15,Delivered
O00201,C0516,2025-12-26,7650.05,Delivered
O00202,C0327,2025-09-06,5086.61,Delivered
O00203,C0504,2024-08-30,17196.61,Delivered
O00204,C0535,2025-11-10,16133.32,Delivered
O00205,C0484,2024-03-25,11979.37,Delivered
O00206,C0232,2024-04-16,22948.13,Delivered
O00207,C0385,2025-07-02,17531.52,Delivered
O00208,C0018,2024-10-27,14260.71,Delivered
O00209,C0183,2024-02-10,12731.2,Delivered
O00210,C0238,2024-11-08,31662.47,Delivered
O00211,C0645,2025-06-11,5407.57,Delivered
O00212,C0611,2025-10-01,9524.32,Delivered
O00213,C0543,2025-10-31,24179.94,Delivered
O00214,C0322,2025-05-06,28066.44,Delivered
O00215,C0254,2025-05-24,15115.26,Delivered
O00216,C0060,2024-01-19,17642.82,Delivered
O00217,C0548,2024-10-31,12360.74,Delivered
O00218,C0125,2024-03-16,4743.7,Delivered
O00219,C0563,2025-09-26,1470.47,Delivered
O00220,C0297,2025-06-20,21468.49,Cancelled
O00221,C0401,2024-01-30,14136.51,Delivered
O00222,C0292,2025-02-03,29966.52,Delivered
O00223,C0217,2024-06-10,7305.51,Delivered
O00224,C0232,2024-01-30,20590.61,Delivered
O00225,C0530,2024-11-23,21824.15,Delivered
O00226,C0175,2025-10-29,2257.99,Delivered
O00227,C0367,2025-05-07,25961.87,Delivered
O00228,C0196,2024-10-29,18502.07,Delivered
O00229,C0154,2024-06-12,17695.03,Delivered
O00230,C0132,2024-08-07,1560.48,Delivered
O00231,C0155,2025-01-11,23816.2,Delivered
O00232,C0565,2025-08-07,11823.54,Delivered
O00233,C0322,2024-06-19,6173.28,Delivered
O00234,C0001,2025-03-28,14505.0,Returned
O00235,C0284,2025-11-03,10930.25,Returned
O00236,C0620,2025-03-29,7137.23,Delivered
O00237,C0021,2025-01-30,8472.02,Delivered
O00238,C0240,2024-05-18,10019.07,Delivered
O00239,C0215,2025-07-25,9477.52,Delivered
O00240,C0057,2025-03-03,23922.73,Delivered
O00241,C0007,2024-02-09,989.24,Delivered
O00242,C0133,2024-09-30,26755.55,Cancelled
O00243,C0021,2024-10-16,10452.49,Delivered
O00244,C0558,2025-03-07,18878.89,Delivered
O00245,C0209,2025-12-06,12691.72,Delivered
O00246,C0242,2024-12-18,20880.45,Delivered
O00247,C0386,2024-11-23,1099.15,Delivered
O00248,C0435,2025-12-12,13138.33,Delivered
O00249,C0327,2025-09-07,12004.84,Delivered
O00250,C0279,2025-03-18,8570.63,Delivered
O00251,C0348,2025-05-19,18426.28,Delivered
O00252,C0380,2024-04-07,15571.03,Delivered
O00253,C0344,2024-07-29,12886.0,Delivered
O00254,C0549,2024-01-24,11740.83,Delivered
O00255,C0525,2025-12-06,19784.93,Delivered
O00256,C0206,2025-04-22,16743.14,Delivered
O00257,C0345,2024-12-21,14074.08,Delivered
O00258,C0136,2024-11-28,19861.97,Delivered
O00259,C0492,2024-06-26,10771.9,Delivered
O00260,C0640,2025-01-04,12111.33,Delivered
O00261,C0401,2025-01-06,727.03,Delivered
O00262,C0196,2024-03-16,11646.79,Delivered
O00263,C0281,2024-04-21,14797.38,Delivered
O00264,C0574,2025-02-12,13555.56,Delivered
O00265,C0589,2025-01-30,4747.84,Delivered
O00266,C0258,2025-02-07,15867.53,Delivered
O00267,C0124,2025-09-10,16847.29,Delivered
O00268,C0176,2025-04-03,14262.74,Delivered
O00269,C0241,2024-07-05,26224.48,Delivered
O00270,C0555,2024-11-03,24683.39,Delivered
O00271,C0289,2024-07-01,25343.79,Delivered
O00272,C0522,2024-12-08,5949.1,Delivered
O00273,C0363,2025-07-02,3154.23,Delivered
O00274,C0431,2025-01-03,19748.14,Cancelled
O00275,C0221,2025-06-29,16543.44,Delivered
O00276,C0363,2025-10-27,1238.29,Delivered
O00277,C0292,2025-07-05,4822.28,Delivered
O00278,C0364,2025-09-11,12462.28,Delivered
O00279,C0010,2025-02-10,24945.75,Delivered
O00280,C0562,2025-07-15,17385.47,Delivered
O00281,C0542,2024-07-24,12230.58,Delivered
O00282,C0329,2024-03-12,22200.03,Delivered
O00283,C0370,2025-02-19,15995.93,Delivered
O00284,C0507,2024-04-08,21720.05,Delivered
O00285,C0632,2025-04-30,2687.65,Cancelled
O00286,C0584,2025-06-17,7867.04,Delivered
O00287,C0500,2024-08-25,2277.52,Delivered
O00288,C0327,2024-11-20,2940.93,Delivered
O00289,C0242,2025-10-12,6206.59,Delivered
O00290,C0371,2024-08-12,4835.29,Delivered
O00291,C0643,2024-06-19,10221.52,Delivered
O00292,C0537,2024-12-04,3786.01,Delivered
O00293,C0650,2025-04-12,8238.75,Delivered
O00294,C0545,2024-07-31,2476.11,Delivered
O00295,C0173,2025-07-02,4492.0,Delivered
O00296,C0442,2025-06-08,11183.11,Delivered
O00297,C0340,2024-06-21,1429.18,Delivered
O00298,C0410,2025-04-29,8806.88,Delivered
O00299,C0607,2024-07-07,11517.2,Delivered
O00300,C0206,2024-08-03,23183.01,Delivered
O00301,C0384,2025-04-29,8678.95,Delivered
O00302,C0183,2024-06-26,33558.04,Delivered
O00303,C0114,2025-06-06,4258.13,Delivered
O00304,C0584,2025-02-28,12843.15,Delivered
O00305,C0125,2024-09-05,22896.33,Delivered
O00306,C0017,2025-08-05,22421.26,Delivered
O00307,C0405,2025-02-16,10716.8,Delivered
O00308,C0017,2025-03-16,923.92,Delivered
O00309,C0378,2025-05-22,19364.56,Delivered
O00310,C0252,2025-07-13,9060.12,Delivered
O00311,C0179,2024-09-02,15804.33,Delivered
O00312,C0259,2024-04-18,20493.38,Delivered
O00313,C0615,2025-02-11,5611.84,Delivered
O00314,C0478,2024-03-16,832.84,Cancelled
O00315,C0262,2025-11-08,20515.72,Delivered
O00316,C0195,2024-07-12,30079.42,Delivered
O00317,C0336,2024-05-20,11651.95,Delivered
O00318,C0359,2025-09-28,19006.35,Delivered
O00319,C0537,2024-02-06,7083.33,Returned
O00320,C0620,2024-12-31,8100.05,Delivered
O00321,C0425,2025-11-09,10124.6,Delivered
O00322,C0475,2025-08-04,24340.25,Cancelled
O00323,C0136,2024-06-28,4173.27,Delivered
O00324,C0614,2024-02-26,6499.18,Delivered
O00325,C0010,2025-10-04,2257.99,Delivered
O00326,C0018,2025-10-06,5065.28,Delivered
O00327,C0505,2025-10-20,37379.14,Delivered
O00328,C0288,2024-05-11,6656.39,Delivered
O00329,C0402,2024-08-20,4088.91,Delivered
O00330,C0247,2024-08-23,19043.93,Delivered
O00331,C0231,2024-07-21,18186.12,Delivered
O00332,C0049,2024-09-12,4710.05,Delivered
O00333,C0353,2024-04-17,12873.25,Delivered
O00334,C0183,2025-01-05,17048.6,Delivered
O00335,C0199,2025-09-03,18256.62,Delivered
O00336,C0629,2025-11-23,11641.89,Delivered
O00337,C0003,2025-02-06,17691.16,Delivered
O00338,C0264,2024-08-24,17030.15,Delivered
O00339,C0266,2025-08-28,7374.97,Delivered
O00340,C0274,2024-07-10,3463.47,Delivered
O00341,C0376,2025-01-25,1357.72,Returned
O00342,C0342,2024-10-23,2330.98,Delivered
O00343,C0180,2025-03-24,19471.2,Delivered
O00344,C0482,2024-02-10,10675.1,Delivered
O00345,C0232,2025-09-08,13333.81,Delivered
O00346,C0196,2024-06-07,30000.03,Delivered
O00347,C0231,2024-01-25,15297.4,Delivered
O00348,C0567,2024-05-18,29925.22,Delivered
O00349,C0451,2024-10-08,10591.12,Delivered
O00350,C0198,2025-02-25,6052.68,Delivered
O00351,C0452,2024-11-26,6154.77,Delivered
O00352,C0566,2024-05-09,17817.32,Delivered
O00353,C0327,2024-11-19,15547.93,Delivered
O00354,C0102,2024-12-11,10380.14,Delivered
O00355,C0535,2024-03-27,18194.82,Returned
O00356,C0195,2025-12-23,15910.29,Delivered
O00357,C0260,2025-12-02,7094.56,Delivered
O00358,C0304,2025-12-14,18803.26,Delivered
O00359,C0092,2024-10-06,19983.59,Cancelled
O00360,C0441,2024-08-10,11658.69,Delivered
O00361,C0614,2025-07-24,9696.24,Delivered
O00362,C0058,2025-04-27,15440.36,Delivered
O00363,C0608,2025-07-24,18572.04,Delivered
O00364,C0137,2024-12-20,738.49,Delivered
O00365,C0618,2025-09-21,14863.1,Delivered
O00366,C0199,2025-07-09,2043.56,Delivered
O00367,C0562,2024-05-07,16008.33,Delivered
O00368,C0561,2024-09-22,18360.29,Delivered
O00369,C0189,2024-04-02,22339.94,Cancelled
O00370,C0312,2025-01-31,19628.86,Cancelled
O00371,C0547,2025-11-10,19576.22,Delivered
O00372,C0371,2025-04-22,12038.64,Delivered
O00373,C0345,2024-06-01,12485.27,Delivered
O00374,C0570,2024-05-13,14867.98,Delivered
O00375,C0304,2025-01-07,21888.95,Delivered
O00376,C0163,2025-04-25,17635.55,Delivered
O00377,C0310,2025-10-09,11239.76,Delivered
O00378,C0342,2024-07-27,12845.44,Delivered
O00379,C0553,2025-12-25,3277.12,Delivered
O00380,C0451,2024-04-04,16305.27,Delivered
O00381,C0250,2025-11-09,6613.9,Delivered
O00382,C0620,2024-07-16,10063.33,Delivered
O00383,C0457,2025-12-15,26348.75,Delivered
O00384,C0548,2025-09-01,21459.22,Delivered
O00385,C0642,2024-10-28,18077.68,Delivered
O00386,C0266,2025-06-14,25765.87,Delivered
O00387,C0513,2025-11-14,22702.01,Delivered
O00388,C0408,2025-04-23,7726.99,Delivered
O00389,C0423,2025-04-10,9271.03,Delivered
O00390,C0456,2024-11-29,14344.82,Delivered
O00391,C0518,2024-05-30,8052.86,Delivered
O00392,C0093,2024-04-05,1203.23,Cancelled
O00393,C0323,2024-08-05,3666.96,Delivered
O00394,C0471,2025-10-04,15622.11,Delivered
O00395,C0025,2025-05-28,11307.99,Delivered
O00396,C0454,2025-10-17,13499.41,Delivered
O00397,C0173,2025-04-07,20611.01,Delivered
O00398,C0012,2024-06-10,19015.33,Delivered
O00399,C0262,2025-02-15,9500.68,Delivered
O00400,C0226,2025-12-11,6430.63,Returned
O00401,C0365,2025-02-18,17893.78,Delivered
O00402,C0286,2024-01-09,4660.95,Delivered
O00403,C0380,2025-04-25,25868.73,Delivered
O00404,C0615,2025-11-19,21758.49,Delivered
O00405,C0434,2024-01-10,1066.27,Delivered
O00406,C0037,2024-08-23,6822.95,Returned
O00407,C0506,2025-07-22,2508.88,Delivered
O00408,C0294,2025-10-24,11155.99,Delivered
O00409,C0169,2024-08-20,26669.39,Delivered
O00410,C0640,2024-03-25,30289.28,Delivered
O00411,C0213,2025-07-25,8446.44,Delivered
O00412,C0410,2025-06-18,8109.48,Delivered
O00413,C0612,2024-06-04,5553.81,Delivered
O00414,C0352,2024-01-18,19176.9,Delivered
O00415,C0458,2024-08-07,6619.58,Cancelled
O00416,C0483,2025-05-09,24371.43,Delivered
O00417,C0509,2024-07-08,21255.93,Delivered
O00418,C0456,2024-06-30,13062.61,Delivered
O00419,C0048,2025-09-26,3647.3,Delivered
O00420,C0339,2025-10-30,2830.99,Delivered
O00421,C0406,2024-06-03,8768.98,Delivered
O00422,C0375,2025-05-08,6964.64,Delivered
O00423,C0606,2024-05-24,2217.41,Delivered
O00424,C0267,2024-07-18,3033.26,Delivered
O00425,C0191,2024-10-16,27917.0,Delivered
O00426,C0272,2025-01-19,4706.4,Delivered
O00427,C0505,2024-12-18,10275.21,Delivered
O00428,C0087,2024-09-11,3698.26,Delivered
O00429,C0409,2024-08-29,15678.91,Delivered
O00430,C0572,2024-10-17,3492.82,Delivered
O00431,C0535,2025-11-23,7678.12,Delivered
O00432,C0619,2025-04-06,7676.79,Delivered
O00433,C0578,2024-04-08,9653.52,Delivered
O00434,C0182,2024-02-09,20839.6,Delivered
O00435,C0549,2024-06-01,21924.67,Delivered
O00436,C0082,2024-04-02,8329.6,Delivered
O00437,C0461,2025-04-17,3795.17,Delivered
O00438,C0027,2024-07-11,25712.41,Returned
O00439,C0158,2025-01-16,11724.16,Delivered
O00440,C0619,2025-08-24,20162.51,Delivered
O00441,C0490,2024-03-10,10893.84,Delivered
O00442,C0008,2024-04-03,10429.75,Delivered
O00443,C0057,2025-08-20,13559.0,Delivered
O00444,C0251,2024-05-26,10997.98,Delivered
O00445,C0004,2025-03-21,9545.93,Delivered
O00446,C0285,2025-06-21,18003.65,Delivered
O00447,C0251,2025-10-25,1187.34,Delivered
O00448,C0028,2025-10-20,1255.04,Delivered
O00449,C0052,2025-12-14,16291.58,Delivered
O00450,C0065,2024-08-04,32590.92,Delivered
O00451,C0214,2025-11-07,3858.79,Delivered
O00452,C0219,2025-09-14,12778.85,Delivered
O00453,C0041,2025-05-02,3744.43,Delivered
O00454,C0197,2024-10-09,3244.77,Delivered
O00455,C0157,2025-12-01,20135.11,Delivered
O00456,C0419,2024-07-23,26068.99,Delivered
O00457,C0320,2024-12-10,4366.23,Delivered
O00458,C0466,2024-01-31,16166.05,Delivered
O00459,C0060,2025-08-24,14521.7,Delivered
O00460,C0311,2024-05-25,15878.97,Delivered
O00461,C0018,2025-11-02,16491.29,Delivered
O00462,C0236,2024-04-04,15946.26,Delivered
O00463,C0419,2025-03-22,5851.9,Delivered
O00464,C0344,2025-03-24,3822.04,Delivered
O00465,C0564,2024-11-29,7557.37,Delivered
O00466,C0234,2025-07-02,3306.95,Delivered
O00467,C0271,2025-09-16,13249.14,Delivered
O00468,C0052,2024-04-18,21712.64,Delivered
O00469,C0357,2025-08-04,7081.72,Delivered
O00470,C0499,2024-08-31,7792.53,Delivered
O00471,C0433,2024-03-29,27960.12,Cancelled
O00472,C0629,2025-02-26,13032.25,Cancelled
O00473,C0063,2025-10-01,4511.83,Returned
O00474,C0638,2025-02-05,14637.49,Delivered
O00475,C0245,2024-05-09,11571.68,Delivered
O00476,C0285,2024-05-03,7978.01,Delivered
O00477,C0113,2024-01-03,11548.27,Delivered
O00478,C0367,2024-04-26,4500.03,Delivered
O00479,C0388,2025-09-27,17588.74,Delivered
O00480,C0589,2024-02-14,6507.54,Delivered
O00481,C0435,2025-12-16,11399.18,Delivered
O00482,C0576,2024-07-03,11508.34,Delivered
O00483,C0452,2025-06-29,23055.81,Delivered
O00484,C0275,2025-03-25,18879.91,Delivered
O00485,C0646,2025-01-07,7722.82,Delivered
O00486,C0568,2025-01-31,27937.69,Delivered
O00487,C0117,2024-11-18,22092.4,Delivered
O00488,C0112,2024-07-28,3869.36,Delivered
O00489,C0361,2024-11-02,17400.89,Delivered
O00490,C0016,2025-04-28,21046.58,Delivered
O00491,C0056,2025-03-18,21924.68,Delivered
O00492,C0283,2025-03-09,20324.99,Delivered
O00493,C0487,2025-05-28,1568.8,Delivered
O00494,C0562,2025-04-03,10307.65,Delivered
O00495,C0314,2025-04-09,13640.61,Delivered
O00496,C0548,2025-07-17,16588.21,Delivered
O00497,C0362,2024-08-13,8907.29,Delivered
O00498,C0068,2025-05-20,23438.23,Returned
O00499,C0546,2025-08-11,11738.92,Delivered
O00500,C0103,2025-05-09,6332.18,Delivered
O00501,C0474,2024-06-17,30156.25,Delivered
O00502,C0359,2024-09-28,26856.94,Delivered
O00503,C0347,2025-06-28,23668.55,Delivered
O00504,C0541,2024-12-21,17682.38,Delivered
O00505,C0608,2024-08-19,5949.1,Delivered
O00506,C0376,2025-08-29,2311.53,Delivered
O00507,C0024,2024-04-01,17361.66,Delivered
O00508,C0390,2024-11-06,11329.72,Delivered
O00509,C0310,2024-05-05,4826.76,Delivered
O00510,C0477,2025-05-22,7177.88,Delivered
O00511,C0478,2025-12-24,36484.41,Delivered
O00512,C0451,2024-12-15,7013.34,Delivered
O00513,C0060,2024-10-12,7679.58,Delivered
O00514,C0597,2025-04-17,3471.84,Delivered
O00515,C0081,2024-10-27,27027.36,Returned
O00516,C0423,2024-03-15,16902.41,Delivered
O00517,C0216,2025-07-05,16385.86,Delivered
O00518,C0435,2024-10-17,8713.89,Delivered
O00519,C0575,2025-02-08,27580.54,Delivered
O00520,C0381,2024-08-26,33307.36,Delivered
O00521,C0431,2024-02-12,19156.35,Delivered
O00522,C0502,2025-10-22,15306.78,Delivered
O00523,C0123,2024-06-14,24333.09,Delivered
O00524,C0208,2024-12-19,24813.17,Delivered
O00525,C0072,2025-08-21,11171.51,Delivered
O00526,C0292,2025-08-20,24691.24,Delivered
O00527,C0435,2025-08-12,32305.1,Delivered
O00528,C0135,2024-06-10,6665.15,Delivered
O00529,C0540,2024-09-21,4866.1,Delivered
O00530,C0374,2024-12-06,11932.6,Delivered
O00531,C0350,2024-01-29,24728.68,Delivered
O00532,C0208,2025-10-14,29376.31,Delivered
O00533,C0437,2024-10-02,8536.65,Delivered
O00534,C0309,2024-07-01,11822.26,Delivered
O00535,C0002,2025-01-15,3788.58,Delivered
O00536,C0036,2024-10-12,16420.74,Delivered
O00537,C0011,2024-08-10,1536.21,Delivered
O00538,C0596,2025-08-27,21023.5,Delivered
O00539,C0641,2024-11-10,25392.13,Delivered
O00540,C0611,2025-08-30,21662.7,Delivered
O00541,C0517,2024-04-21,11302.22,Delivered
O00542,C0177,2025-12-01,23065.19,Delivered
O00543,C0211,2024-12-28,6184.77,Delivered
O00544,C0623,2024-07-16,4316.73,Delivered
O00545,C0435,2024-03-19,10640.68,Delivered
O00546,C0010,2024-12-28,7746.48,Delivered
O00547,C0124,2025-04-23,10712.99,Delivered
O00548,C0011,2025-11-06,9176.15,Delivered
O00549,C0121,2025-12-24,5033.44,Delivered
O00550,C0650,2024-10-07,3277.12,Delivered
O00551,C0361,2024-12-27,2525.03,Delivered
O00552,C0628,2025-09-18,3355.58,Delivered
O00553,C0330,2024-07-24,5889.14,Delivered
O00554,C0107,2024-08-30,9444.33,Delivered
O00555,C0588,2025-11-30,5722.43,Delivered
O00556,C0496,2024-12-17,3863.5,Delivered
O00557,C0576,2025-08-01,33706.65,Delivered
O00558,C0645,2024-09-24,5910.92,Delivered
O00559,C0570,2024-07-18,26372.28,Delivered
O00560,C0372,2025-09-13,1978.47,Delivered
O00561,C0369,2025-03-31,17733.68,Delivered
O00562,C0167,2025-01-31,3507.2,Delivered
O00563,C0443,2025-03-25,9936.74,Delivered
O00564,C0267,2025-08-19,6571.32,Delivered
O00565,C0215,2025-09-03,3409.72,Delivered
O00566,C0488,2024-04-23,40875.34,Delivered
O00567,C0148,2025-06-09,13415.94,Cancelled
O00568,C0638,2024-08-17,9696.97,Delivered
O00569,C0543,2025-06-15,24836.87,Delivered
O00570,C0225,2025-08-02,14272.52,Delivered
O00571,C0061,2025-04-28,9601.31,Cancelled
O00572,C0178,2025-09-13,19603.73,Delivered
O00573,C0264,2025-07-19,12310.3,Delivered
O00574,C0089,2024-05-23,14766.91,Delivered
O00575,C0200,2024-02-11,19050.24,Delivered
O00576,C0254,2024-10-26,13357.5,Delivered
O00577,C0031,2024-06-20,2802.83,Delivered
O00578,C0617,2025-11-24,18791.72,Delivered
O00579,C0357,2025-03-22,10579.6,Delivered
O00580,C0266,2025-08-30,4555.03,Delivered
O00581,C0600,2025-10-29,9278.64,Delivered
O00582,C0376,2024-10-21,12704.99,Delivered
O00583,C0079,2024-11-24,10015.85,Delivered
O00584,C0064,2025-01-23,6792.11,Delivered
O00585,C0015,2024-09-28,13376.08,Delivered
O00586,C0326,2024-11-06,1300.99,Delivered
O00587,C0645,2024-03-10,19918.66,Delivered
O00588,C0072,2024-12-10,20136.66,Delivered
O00589,C0593,2025-08-13,7325.42,Delivered
O00590,C0615,2025-06-09,7715.65,Delivered
O00591,C0090,2025-05-18,16761.94,Delivered
O00592,C0424,2025-12-06,4661.95,Delivered
O00593,C0503,2024-02-26,10071.41,Delivered
O00594,C0166,2025-08-28,2666.96,Delivered
O00595,C0351,2024-08-08,16160.24,Delivered
O00596,C0451,2024-01-09,11284.05,Delivered
O00597,C0439,2024-01-05,31983.86,Delivered
O00598,C0373,2025-12-04,14566.01,Delivered
O00599,C0277,2025-02-21,6811.86,Cancelled
O00600,C0320,2025-10-31,26273.59,Delivered
O00601,C0159,2024-05-03,8884.7,Delivered
O00602,C0264,2025-10-22,12170.63,Delivered
O00603,C0325,2025-04-13,14035.54,Delivered
O00604,C0293,2024-11-21,11616.9,Delivered
O00605,C0368,2025-06-05,30005.9,Delivered
O00606,C0282,2024-08-16,10246.65,Delivered
O00607,C0394,2024-09-11,19239.54,Delivered
O00608,C0547,2025-06-25,7252.94,Delivered
O00609,C0300,2025-02-17,9175.28,Delivered
O00610,C0500,2024-10-17,14611.6,Delivered
O00611,C0169,2024-02-02,26596.25,Delivered
O00612,C0085,2025-04-15,4703.73,Delivered
O00613,C0114,2024-09-02,5120.04,Delivered
O00614,C0538,2025-06-17,6090.62,Delivered
O00615,C0087,2025-06-30,1415.5,Delivered
O00616,C0267,2025-02-21,21492.94,Delivered
O00617,C0043,2025-04-29,18031.39,Delivered
O00618,C0274,2024-01-15,2198.3,Delivered
O00619,C0210,2025-08-04,34586.09,Delivered
O00620,C0406,2025-09-14,6568.49,Delivered
O00621,C0286,2025-08-18,32402.88,Delivered
O00622,C0077,2024-07-22,3369.99,Delivered
O00623,C0541,2024-12-11,16378.22,Delivered
O00624,C0367,2025-03-29,10524.82,Cancelled
O00625,C0631,2025-11-05,3095.05,Delivered
O00626,C0426,2025-04-07,10737.91,Delivered
O00627,C0527,2024-03-05,6149.9,Returned
O00628,C0064,2025-08-07,21028.15,Delivered
O00629,C0239,2024-04-22,13081.65,Delivered
O00630,C0039,2025-03-23,24322.0,Delivered
O00631,C0336,2025-12-14,3748.11,Delivered
O00632,C0311,2025-02-08,7045.6,Delivered
O00633,C0259,2024-08-02,28455.34,Delivered
O00634,C0528,2025-09-04,16247.36,Delivered
O00635,C0250,2025-07-25,9370.28,Delivered
O00636,C0625,2024-04-15,10116.44,Delivered
O00637,C0184,2024-08-23,8331.44,Delivered
O00638,C0435,2024-06-12,9945.38,Delivered
O00639,C0620,2024-08-24,6695.16,Delivered
O00640,C0607,2025-06-17,5621.81,Returned
O00641,C0034,2025-11-07,3763.32,Delivered
O00642,C0196,2024-04-09,16919.45,Delivered
O00643,C0522,2025-09-26,28931.39,Returned
O00644,C0088,2025-06-21,8514.09,Delivered
O00645,C0380,2024-07-29,10266.1,Delivered
O00646,C0063,2024-10-23,26562.34,Delivered
O00647,C0380,2024-05-16,9591.44,Delivered
O00648,C0417,2024-12-07,24207.49,Delivered
O00649,C0136,2025-06-22,15496.73,Delivered
O00650,C0318,2025-06-09,4454.13,Delivered
O00651,C0485,2025-11-04,17130.46,Delivered
O00652,C0289,2025-03-12,19686.17,Delivered
O00653,C0395,2024-08-30,13612.09,Delivered
O00654,C0380,2025-01-09,4169.17,Delivered
O00655,C0231,2024-03-23,16246.2,Delivered
O00656,C0581,2025-11-26,4676.94,Delivered
O00657,C0080,2025-04-09,15645.76,Delivered
O00658,C0233,2025-11-02,7680.06,Delivered
O00659,C0600,2025-09-28,15051.24,Delivered
O00660,C0116,2024-05-12,6571.32,Delivered
O00661,C0597,2025-12-10,2311.53,Delivered
O00662,C0117,2024-05-25,16797.65,Delivered
O00663,C0599,2025-05-18,4753.43,Delivered
O00664,C0478,2025-04-26,17848.32,Delivered
O00665,C0533,2024-06-13,1242.9,Delivered
O00666,C0481,2025-06-25,18370.32,Delivered
O00667,C0053,2024-04-10,14773.58,Delivered
O00668,C0180,2025-01-03,12965.29,Delivered
O00669,C0322,2025-07-18,25049.1,Delivered
O00670,C0403,2025-10-15,30592.05,Delivered
O00671,C0605,2025-08-08,17167.45,Delivered
O00672,C0541,2025-01-25,11874.92,Delivered
O00673,C0570,2024-12-26,14398.46,Delivered
O00674,C0046,2024-08-06,10751.14,Delivered
O00675,C0429,2025-11-01,21436.97,Delivered
O00676,C0193,2024-10-30,5638.08,Delivered
O00677,C0298,2025-02-11,11464.9,Delivered
O00678,C0582,2025-04-19,2217.41,Delivered
O00679,C0253,2025-03-15,9608.45,Delivered
O00680,C0081,2025-06-18,12433.21,Delivered
O00681,C0104,2025-09-27,21527.7,Delivered
O00682,C0039,2025-11-19,28861.74,Delivered
O00683,C0142,2024-12-16,2439.95,Delivered
O00684,C0421,2024-11-17,19586.57,Delivered
O00685,C0133,2024-10-16,11832.12,Delivered
O00686,C0489,2024-09-01,1315.68,Delivered
O00687,C0483,2024-06-02,6743.64,Delivered
O00688,C0323,2025-06-27,17791.7,Delivered
O00689,C0180,2025-03-24,11427.9,Delivered
O00690,C0200,2024-08-13,10514.72,Delivered
O00691,C0120,2025-01-30,14530.93,Delivered
O00692,C0113,2024-11-01,13347.17,Delivered
O00693,C0110,2024-01-08,2522.3,Delivered
O00694,C0558,2025-07-24,18493.02,Returned
O00695,C0108,2024-11-29,19914.25,Delivered
O00696,C0534,2025-09-30,21139.32,Delivered
O00697,C0533,2024-03-07,9453.45,Delivered
O00698,C0558,2025-04-14,7146.56,Delivered
O00699,C0490,2024-10-21,24415.63,Delivered
O00700,C0077,2024-12-06,9382.72,Delivered
O00701,C0272,2024-06-23,10551.28,Delivered
O00702,C0051,2024-11-30,3666.96,Delivered
O00703,C0125,2025-08-29,8020.53,Delivered
O00704,C0413,2025-07-23,14480.28,Delivered
O00705,C0530,2025-04-18,9662.94,Delivered
O00706,C0346,2024-01-10,5136.74,Delivered
O00707,C0613,2025-07-07,3563.3,Delivered
O00708,C0020,2025-06-14,20688.18,Delivered
O00709,C0577,2024-04-07,20258.03,Delivered
O00710,C0636,2025-07-18,24837.43,Delivered
O00711,C0349,2025-06-03,12742.19,Delivered
O00712,C0348,2025-10-13,18735.31,Delivered
O00713,C0449,2025-04-13,31706.61,Delivered
O00714,C0568,2025-09-11,15354.98,Delivered
O00715,C0480,2025-09-30,22029.34,Delivered
O00716,C0602,2024-08-08,23741.78,Delivered
O00717,C0440,2024-11-18,11988.9,Delivered
O00718,C0430,2024-11-13,16940.65,Delivered
O00719,C0614,2024-09-10,34121.73,Delivered
O00720,C0484,2024-07-04,15872.24,Delivered
O00721,C0499,2024-12-11,17670.1,Delivered
O00722,C0517,2024-10-12,18323.57,Delivered
O00723,C0587,2025-01-08,11553.39,Returned
O00724,C0078,2025-04-26,4931.02,Delivered
O00725,C0160,2025-01-12,13477.78,Delivered
O00726,C0638,2025-10-04,22377.89,Delivered
O00727,C0125,2025-01-02,14859.95,Delivered
O00728,C0573,2025-10-10,3361.8,Delivered
O00729,C0356,2025-04-01,14186.01,Delivered
O00730,C0053,2024-08-25,4375.66,Delivered
O00731,C0459,2025-07-15,7493.72,Delivered
O00732,C0310,2024-06-04,6164.09,Delivered
O00733,C0295,2025-06-03,2054.59,Delivered
O00734,C0138,2025-04-06,21711.92,Delivered
O00735,C0294,2024-12-02,26830.39,Delivered
O00736,C0103,2025-10-28,1930.03,Delivered
O00737,C0540,2025-11-05,8372.5,Delivered
O00738,C0089,2024-04-15,22415.01,Delivered
O00739,C0193,2024-05-07,17731.07,Delivered
O00740,C0536,2025-02-14,20272.1,Cancelled
O00741,C0161,2025-02-13,9175.8,Delivered
O00742,C0580,2024-09-20,12507.8,Delivered
O00743,C0292,2025-11-22,8992.39,Delivered
O00744,C0253,2024-06-05,3951.74,Delivered
O00745,C0229,2024-09-15,11374.27,Delivered
O00746,C0589,2025-01-05,3009.37,Delivered
O00747,C0489,2024-03-20,19536.19,Delivered
O00748,C0061,2024-02-10,6084.45,Delivered
O00749,C0117,2024-12-01,26197.94,Delivered
O00750,C0279,2025-08-21,1722.01,Delivered
O00751,C0557,2024-08-27,24183.08,Delivered
O00752,C0556,2024-03-09,2717.22,Delivered
O00753,C0330,2025-03-31,25752.95,Delivered
O00754,C0171,2025-07-01,23736.23,Delivered
O00755,C0337,2024-11-14,11058.57,Delivered
O00756,C0482,2025-05-11,6777.58,Delivered
O00757,C0092,2025-06-27,21188.62,Delivered
O00758,C0058,2024-07-08,11515.1,Delivered
O00759,C0244,2025-05-08,4346.43,Delivered
O00760,C0400,2025-03-16,26288.54,Delivered
O00761,C0306,2025-12-04,9651.88,Delivered
O00762,C0482,2025-07-04,10824.9,Delivered
O00763,C0117,2024-05-15,15539.9,Delivered
O00764,C0265,2024-12-21,9145.55,Delivered
O00765,C0461,2024-03-21,14313.14,Delivered
O00766,C0594,2025-03-28,11947.11,Returned
O00767,C0147,2025-09-23,25957.91,Cancelled
O00768,C0420,2024-04-30,18608.97,Delivered
O00769,C0517,2025-06-13,7490.43,Returned
O00770,C0333,2024-02-27,12378.13,Delivered
O00771,C0449,2024-06-11,2345.79,Delivered
O00772,C0549,2025-04-10,28422.11,Delivered
O00773,C0374,2025-01-31,28510.25,Delivered
O00774,C0408,2024-08-26,10494.1,Delivered
O00775,C0250,2024-07-12,8599.77,Delivered
O00776,C0411,2024-06-18,21705.56,Returned
O00777,C0449,2024-06-01,11124.38,Delivered
O00778,C0399,2024-11-05,13527.23,Delivered
O00779,C0429,2025-10-14,19259.55,Delivered
O00780,C0247,2024-07-30,26684.47,Delivered
O00781,C0225,2025-08-12,21063.84,Delivered
O00782,C0303,2025-11-18,6004.12,Delivered
O00783,C0550,2024-01-27,23129.52,Delivered
O00784,C0341,2024-03-18,10099.31,Delivered
O00785,C0404,2024-03-31,6655.82,Delivered
O00786,C0644,2025-02-08,8741.16,Returned
O00787,C0640,2024-07-12,15327.3,Delivered
O00788,C0058,2025-05-16,10613.51,Cancelled
O00789,C0483,2024-04-16,13484.09,Delivered
O00790,C0357,2025-06-30,16906.82,Delivered
O00791,C0212,2025-04-26,4275.03,Delivered
O00792,C0521,2025-01-06,18129.82,Delivered
O00793,C0338,2025-07-30,16643.98,Delivered
O00794,C0606,2024-09-12,25014.24,Delivered
O00795,C0443,2024-07-13,8211.46,Delivered
O00796,C0541,2025-11-05,7871.91,Cancelled
O00797,C0467,2024-06-02,7673.81,Delivered
O00798,C0349,2024-12-08,16733.68,Delivered
O00799,C0364,2025-10-05,356.2,Delivered
O00800,C0202,2024-06-11,31485.54,Delivered
O00801,C0049,2024-08-21,6569.86,Delivered
O00802,C0077,2025-03-04,24323.54,Delivered
O00803,C0372,2024-09-13,9968.17,Delivered
O00804,C0637,2024-08-05,1044.19,Delivered
O00805,C0303,2024-09-13,9026.75,Delivered
O00806,C0094,2025-12-28,18500.62,Delivered
O00807,C0443,2024-03-20,15151.85,Delivered
O00808,C0302,2024-07-15,10319.81,Delivered
O00809,C0165,2024-03-05,4173.27,Delivered
O00810,C0534,2025-04-08,2476.11,Delivered
O00811,C0517,2025-01-06,14544.36,Cancelled
O00812,C0622,2024-03-10,4456.1,Delivered
O00813,C0293,2024-01-26,13604.38,Delivered
O00814,C0330,2025-01-29,6834.45,Delivered
O00815,C0584,2025-06-29,8583.28,Delivered
O00816,C0597,2025-05-11,4992.54,Delivered
O00817,C0272,2025-12-03,3706.14,Delivered
O00818,C0442,2025-11-01,10578.65,Delivered
O00819,C0454,2024-01-03,19837.23,Delivered
O00820,C0061,2025-12-24,5580.7,Delivered
O00821,C0051,2024-06-05,9278.64,Delivered
O00822,C0153,2025-04-01,18276.06,Delivered
O00823,C0006,2024-01-03,9280.83,Delivered
O00824,C0520,2024-09-12,5606.44,Delivered
O00825,C0544,2025-05-13,11303.78,Delivered
O00826,C0453,2025-02-15,2406.47,Delivered
O00827,C0127,2024-01-24,11175.98,Delivered
O00828,C0179,2025-10-12,11363.39,Delivered
O00829,C0481,2024-11-24,5388.42,Delivered
O00830,C0016,2025-01-17,14651.36,Delivered
O00831,C0494,2024-06-27,810.78,Delivered
O00832,C0129,2024-10-26,15018.67,Delivered
O00833,C0382,2024-12-31,22424.47,Delivered
O00834,C0035,2025-09-15,10503.75,Delivered
O00835,C0510,2025-07-24,4706.4,Delivered
O00836,C0443,2025-03-02,2768.03,Delivered
O00837,C0441,2025-08-06,7683.86,Delivered
O00838,C0111,2025-08-22,7288.44,Delivered
O00839,C0461,2024-04-30,9495.38,Delivered
O00840,C0317,2025-04-19,2498.52,Delivered
O00841,C0161,2024-04-01,13119.7,Delivered
O00842,C0407,2024-04-27,23499.14,Delivered
O00843,C0506,2024-01-13,24805.4,Delivered
O00844,C0488,2024-08-09,21111.38,Returned
O00845,C0347,2024-01-01,8315.46,Delivered
O00846,C0631,2024-08-08,3099.62,Delivered
O00847,C0624,2025-05-05,3430.03,Cancelled
O00848,C0369,2025-07-02,23204.67,Delivered
O00849,C0089,2024-10-31,14255.5,Returned
O00850,C0276,2024-09-09,2453.35,Delivered
O00851,C0091,2025-02-08,16924.19,Delivered
O00852,C0048,2025-05-22,11428.81,Delivered
O00853,C0174,2024-12-28,17550.29,Delivered
O00854,C0632,2024-07-17,13404.61,Delivered
O00855,C0424,2024-07-30,26396.49,Delivered
O00856,C0288,2025-05-07,7957.3,Delivered
O00857,C0354,2025-12-23,11071.8,Delivered
O00858,C0562,2024-06-06,13710.6,Delivered
O00859,C0158,2024-12-16,12956.36,Delivered
O00860,C0261,2024-05-18,6059.2,Delivered
O00861,C0429,2024-01-04,20220.26,Delivered
O00862,C0027,2025-06-21,2746.84,Delivered
O00863,C0627,2024-02-09,2459.22,Returned
O00864,C0107,2024-08-25,9067.65,Delivered
O00865,C0057,2024-11-01,8012.01,Delivered
O00866,C0623,2024-08-20,13165.88,Delivered
O00867,C0591,2025-10-02,19271.79,Delivered
O00868,C0499,2025-03-16,2687.65,Cancelled
O00869,C0024,2025-10-02,16770.98,Delivered
O00870,C0314,2025-11-09,1547.86,Cancelled
O00871,C0027,2025-12-25,29636.98,Delivered
O00872,C0457,2025-10-19,12689.62,Delivered
O00873,C0417,2025-12-21,3120.96,Delivered
O00874,C0338,2025-12-10,9618.42,Delivered
O00875,C0081,2024-10-15,8464.77,Returned
O00876,C0138,2025-04-30,15944.06,Delivered
O00877,C0295,2025-04-13,32190.75,Cancelled
O00878,C0190,2025-03-24,9576.41,Delivered
O00879,C0007,2025-04-05,12497.16,Delivered
O00880,C0354,2025-08-27,4052.56,Delivered
O00881,C0598,2024-12-24,34203.43,Delivered
O00882,C0355,2025-02-18,15326.31,Delivered
O00883,C0131,2025-04-07,14820.71,Delivered
O00884,C0047,2025-08-18,4386.69,Delivered
O00885,C0650,2024-01-02,13552.21,Delivered
O00886,C0192,2025-09-21,13733.24,Delivered
O00887,C0209,2025-04-09,13413.19,Delivered
O00888,C0646,2025-02-25,14162.61,Delivered
O00889,C0483,2025-05-27,4745.33,Delivered
O00890,C0247,2025-07-11,16815.18,Delivered
O00891,C0545,2025-10-10,4510.45,Delivered
O00892,C0643,2024-03-31,11481.12,Delivered
O00893,C0084,2025-08-07,2844.29,Delivered
O00894,C0009,2025-03-25,6733.42,Delivered
O00895,C0162,2024-11-28,10687.06,Returned
O00896,C0207,2024-02-25,16929.93,Delivered
O00897,C0214,2024-04-22,17408.85,Delivered
O00898,C0102,2024-03-19,35598.98,Delivered
O00899,C0594,2024-11-22,8489.14,Delivered
O00900,C0210,2025-07-29,19840.18,Delivered
O00901,C0079,2024-06-15,16667.67,Delivered
O00902,C0014,2025-12-27,12189.19,Returned
O00903,C0527,2025-12-04,9548.3,Delivered
O00904,C0335,2025-04-01,11143.35,Delivered
O00905,C0067,2024-08-08,13978.08,Returned
O00906,C0263,2024-02-25,12191.22,Delivered
O00907,C0277,2024-12-05,22713.06,Delivered
O00908,C0635,2025-12-17,38256.96,Delivered
O00909,C0227,2024-11-05,15681.14,Delivered
O00910,C0521,2025-11-23,5492.38,Delivered
O00911,C0190,2024-01-30,2913.72,Delivered
O00912,C0219,2025-05-03,15746.61,Delivered
O00913,C0249,2025-05-26,10516.69,Delivered
O00914,C0607,2024-08-16,1226.67,Returned
O00915,C0447,2024-07-01,15137.96,Delivered
O00916,C0363,2024-02-29,27193.47,Delivered
O00917,C0525,2025-03-22,3409.72,Delivered
O00918,C0017,2025-09-26,1224.46,Cancelled
O00919,C0028,2025-07-29,18991.74,Delivered
O00920,C0109,2025-08-08,4528.89,Delivered
O00921,C0230,2025-03-26,2522.3,Delivered
O00922,C0634,2024-10-12,14059.92,Delivered
O00923,C0269,2024-10-25,6755.98,Delivered
O00924,C0239,2025-02-06,21326.66,Delivered
O00925,C0133,2024-05-25,12526.6,Delivered
O00926,C0247,2024-12-20,24566.3,Delivered
O00927,C0376,2025-12-01,9763.16,Delivered
O00928,C0328,2024-03-03,9882.98,Delivered
O00929,C0055,2025-08-01,7728.69,Delivered
O00930,C0061,2025-06-26,4826.76,Cancelled
O00931,C0011,2025-11-12,7010.36,Delivered
O00932,C0554,2024-01-21,24472.18,Delivered
O00933,C0617,2024-07-20,4622.64,Delivered
O00934,C0256,2024-12-16,2313.13,Delivered
O00935,C0126,2024-05-15,17305.99,Delivered
O00936,C0397,2025-02-18,6454.05,Delivered
O00937,C0018,2024-01-01,14525.51,Delivered
O00938,C0050,2025-04-28,12204.03,Delivered
O00939,C0570,2025-01-13,20552.08,Delivered
O00940,C0374,2025-10-14,22031.41,Delivered
O00941,C0276,2025-12-19,6422.31,Delivered
O00942,C0078,2025-11-26,12103.4,Delivered
O00943,C0553,2024-09-02,18417.97,Delivered
O00944,C0520,2025-05-26,1226.67,Delivered
O00945,C0231,2024-04-12,27096.9,Cancelled
O00946,C0095,2025-10-10,15307.61,Delivered
O00947,C0454,2024-05-07,30440.46,Delivered
O00948,C0542,2025-04-25,316.62,Delivered
O00949,C0040,2025-11-14,15426.08,Delivered
O00950,C0160,2024-08-13,18087.55,Delivered
O00951,C0409,2024-02-01,7279.46,Delivered
O00952,C0222,2024-11-09,19214.61,Delivered
O00953,C0140,2025-05-28,31722.98,Cancelled
O00954,C0363,2024-12-08,27928.99,Returned
O00955,C0012,2024-03-01,11375.03,Delivered
O00956,C0456,2025-08-10,23460.1,Delivered
O00957,C0275,2025-04-09,1463.71,Cancelled
O00958,C0455,2025-03-19,17719.0,Delivered
O00959,C0430,2024-12-31,18163.9,Delivered
O00960,C0040,2025-03-29,16081.99,Delivered
O00961,C0536,2024-09-27,21188.01,Delivered
O00962,C0452,2024-10-22,18357.16,Delivered
O00963,C0044,2024-05-26,11370.12,Delivered
O00964,C0373,2024-01-28,3544.03,Delivered
O00965,C0540,2024-09-26,27672.09,Delivered
O00966,C0484,2024-08-07,5654.67,Delivered
O00967,C0084,2025-09-19,18379.74,Delivered
O00968,C0607,2025-04-20,12185.97,Returned
O00969,C0477,2024-12-17,2746.25,Delivered
O00970,C0504,2024-10-31,9796.43,Delivered
O00971,C0429,2024-07-21,7488.86,Delivered
O00972,C0201,2024-08-06,18162.99,Delivered
O00973,C0559,2025-07-08,13427.27,Delivered
O00974,C0482,2024-12-15,15171.77,Delivered
O00975,C0335,2025-03-20,6631.56,Delivered
O00976,C0130,2024-04-01,23528.13,Delivered
O00977,C0531,2025-06-01,22069.73,Delivered
O00978,C0317,2024-06-14,10314.91,Delivered
O00979,C0605,2024-03-17,20153.25,Delivered
O00980,C0246,2024-05-29,50208.9,Delivered
O00981,C0169,2024-09-03,14789.73,Returned
O00982,C0022,2025-05-21,10948.86,Delivered
O00983,C0630,2025-11-22,10093.98,Delivered
O00984,C0022,2025-06-25,2498.52,Delivered
O00985,C0339,2025-02-17,9408.48,Delivered
O00986,C0251,2025-12-19,8797.74,Delivered
O00987,C0632,2025-02-04,16881.39,Returned
O00988,C0179,2025-08-02,8772.3,Delivered
O00989,C0185,2024-04-05,19050.66,Delivered
O00990,C0157,2024-03-25,23876.7,Delivered
O00991,C0582,2025-03-02,2548.03,Delivered
O00992,C0275,2025-09-13,6507.79,Delivered
O00993,C0082,2024-03-06,12365.42,Delivered
O00994,C0246,2024-08-01,17582.31,Delivered
O00995,C0390,2025-12-19,11206.38,Delivered
O00996,C0229,2024-12-28,15033.37,Returned
O00997,C0187,2025-07-08,5245.23,Delivered
O00998,C0566,2025-01-23,6163.77,Delivered
O00999,C0393,2024-09-18,12603.67,Delivered
O01000,C0172,2024-04-25,20410.62,Delivered
O01001,C0309,2025-05-28,6969.96,Delivered
O01002,C0345,2024-03-01,12901.77,Delivered
O01003,C0239,2024-01-10,23150.15,Delivered
O01004,C0523,2025-01-03,2951.22,Delivered
O01005,C0186,2025-01-09,23477.73,Delivered
O01006,C0357,2024-06-22,21003.61,Delivered
O01007,C0605,2024-01-19,1582.4,Delivered
O01008,C0380,2024-03-27,13605.88,Delivered
O01009,C0067,2025-10-04,4751.64,Delivered
O01010,C0157,2024-12-03,14497.78,Delivered
O01011,C0210,2024-07-10,4180.4,Delivered
O01012,C0318,2024-04-25,28356.49,Delivered
O01013,C0136,2024-04-17,35387.29,Delivered
O01014,C0207,2024-09-17,38121.86,Delivered
O01015,C0611,2025-08-16,11585.11,Delivered
O01016,C0575,2025-04-02,22288.35,Delivered
O01017,C0243,2025-05-02,21733.33,Delivered
O01018,C0283,2025-11-28,6510.14,Delivered
O01019,C0161,2025-11-02,6992.93,Delivered
O01020,C0319,2024-10-03,10455.52,Cancelled
O01021,C0374,2025-08-03,14123.42,Delivered
O01022,C0167,2024-04-25,2903.22,Delivered
O01023,C0086,2025-09-25,13990.7,Delivered
O01024,C0496,2024-10-03,26213.86,Delivered
O01025,C0316,2024-12-05,8291.42,Delivered
O01026,C0218,2024-12-02,8238.76,Delivered
O01027,C0168,2025-04-04,2692.6,Delivered
O01028,C0581,2024-10-14,20859.74,Delivered
O01029,C0147,2025-10-01,9771.42,Cancelled
O01030,C0425,2024-10-11,13552.42,Delivered
O01031,C0424,2025-08-19,11807.16,Delivered
O01032,C0316,2024-02-24,12308.24,Delivered
O01033,C0284,2025-04-17,17365.05,Delivered
O01034,C0378,2025-03-17,4488.94,Delivered
O01035,C0092,2024-12-03,10503.18,Cancelled
O01036,C0562,2024-01-28,2417.65,Delivered
O01037,C0541,2025-05-15,31157.71,Delivered
O01038,C0160,2024-04-15,6450.36,Delivered
O01039,C0122,2024-11-13,17767.72,Delivered
O01040,C0269,2024-01-03,6534.8,Delivered
O01041,C0179,2024-01-21,14771.07,Delivered
O01042,C0409,2024-11-10,14647.73,Delivered
O01043,C0263,2024-12-24,20990.95,Delivered
O01044,C0461,2025-04-01,4991.87,Cancelled
O01045,C0647,2025-11-09,3823.27,Delivered
O01046,C0050,2025-11-01,15379.5,Delivered
O01047,C0052,2025-04-27,11063.95,Delivered
O01048,C0023,2025-06-04,13627.05,Delivered
O01049,C0316,2024-04-05,13228.67,Delivered
O01050,C0193,2024-09-09,3095.05,Delivered
O01051,C0608,2024-08-06,6680.56,Delivered
O01052,C0335,2024-03-16,9816.39,Delivered
O01053,C0284,2025-01-30,15296.81,Delivered
O01054,C0553,2025-07-11,12181.94,Delivered
O01055,C0418,2025-10-10,11916.66,Delivered
O01056,C0609,2024-10-13,29150.48,Returned
O01057,C0152,2024-12-05,19580.38,Delivered
O01058,C0489,2024-08-12,12547.7,Delivered
O01059,C0507,2024-07-09,7760.04,Delivered
O01060,C0317,2024-09-17,4073.16,Returned
O01061,C0440,2025-08-02,17464.24,Delivered
O01062,C0104,2025-09-20,3391.07,Delivered
O01063,C0182,2025-10-14,3277.12,Delivered
O01064,C0045,2024-09-29,21598.24,Delivered
O01065,C0248,2024-01-01,33093.16,Returned
O01066,C0268,2025-06-11,7208.72,Delivered
O01067,C0449,2025-10-15,5688.58,Delivered
O01068,C0384,2025-03-23,14336.17,Delivered
O01069,C0436,2024-03-02,21470.8,Delivered
O01070,C0390,2025-09-09,2967.41,Delivered
O01071,C0603,2024-05-13,29640.34,Delivered
O01072,C0167,2024-04-30,2665.31,Delivered
O01073,C0168,2025-10-30,15478.11,Delivered
O01074,C0267,2025-06-19,21108.9,Delivered
O01075,C0159,2025-12-08,3412.42,Delivered
O01076,C0221,2024-04-19,3198.82,Delivered
O01077,C0202,2025-11-24,4216.63,Delivered
O01078,C0112,2024-02-13,1090.38,Delivered
O01079,C0259,2024-12-05,9321.64,Delivered
O01080,C0313,2025-04-30,23780.38,Delivered
O01081,C0028,2025-02-16,3746.83,Delivered
O01082,C0618,2025-11-29,21283.05,Delivered
O01083,C0581,2024-02-12,9662.94,Delivered
O01084,C0263,2025-08-29,26500.99,Delivered
O01085,C0243,2024-01-27,19623.52,Delivered
O01086,C0117,2024-07-12,27969.39,Delivered
O01087,C0423,2024-09-12,4035.66,Delivered
O01088,C0630,2024-04-16,25621.8,Delivered
O01089,C0069,2025-12-27,7124.0,Delivered
O01090,C0601,2024-01-13,23043.11,Cancelled
O01091,C0374,2025-08-27,15454.25,Delivered
O01092,C0211,2025-08-13,5637.1,Delivered
O01093,C0207,2024-08-25,14115.25,Delivered
O01094,C0130,2024-07-22,21988.94,Delivered
O01095,C0379,2025-08-05,15843.56,Delivered
O01096,C0073,2024-12-22,19006.83,Delivered
O01097,C0247,2025-06-08,1951.49,Delivered
O01098,C0639,2024-08-16,14505.58,Returned
O01099,C0030,2025-09-19,18485.35,Delivered
O01100,C0394,2024-11-15,5910.92,Delivered
O01101,C0570,2024-02-17,14965.83,Delivered
O01102,C0128,2025-12-04,18167.61,Cancelled
O01103,C0504,2024-07-30,24994.78,Cancelled
O01104,C0267,2024-04-29,9856.9,Delivered
O01105,C0065,2025-03-08,21144.82,Delivered
O01106,C0093,2025-11-14,5146.18,Delivered
O01107,C0306,2025-09-29,12121.18,Delivered
O01108,C0548,2025-01-06,16382.35,Delivered
O01109,C0530,2025-08-04,2009.58,Delivered
O01110,C0545,2025-06-07,24787.31,Delivered
O01111,C0636,2025-06-08,13942.04,Delivered
O01112,C0235,2025-09-21,12077.18,Delivered
O01113,C0235,2024-02-25,13516.01,Delivered
O01114,C0476,2025-04-15,15582.24,Delivered
O01115,C0339,2024-06-27,13535.49,Delivered
O01116,C0290,2024-02-20,17671.13,Delivered
O01117,C0554,2025-10-15,35884.67,Delivered
O01118,C0042,2025-11-22,15494.98,Delivered
O01119,C0485,2024-11-12,3663.95,Delivered
O01120,C0565,2025-06-04,7344.41,Delivered
O01121,C0306,2025-11-17,21062.74,Delivered
O01122,C0513,2025-06-28,8373.55,Delivered
O01123,C0550,2024-01-08,5713.9,Delivered
O01124,C0300,2025-08-21,3746.83,Delivered
O01125,C0152,2024-09-18,11233.29,Delivered
O01126,C0101,2025-12-26,19682.18,Delivered
O01127,C0133,2025-05-08,9922.39,Delivered
O01128,C0271,2025-06-23,923.92,Delivered
O01129,C0431,2025-07-22,2088.39,Delivered
O01130,C0546,2024-11-15,9885.48,Delivered
O01131,C0582,2024-09-28,2608.94,Returned
O01132,C0494,2025-11-11,3948.02,Delivered
O01133,C0467,2024-05-06,2508.88,Delivered
O01134,C0266,2025-01-21,12358.92,Delivered
O01135,C0416,2025-11-20,7122.78,Delivered
O01136,C0025,2024-07-12,14983.92,Cancelled
O01137,C0079,2024-08-19,20636.42,Delivered
O01138,C0278,2024-05-22,17983.8,Delivered
O01139,C0428,2024-06-04,12011.9,Delivered
O01140,C0369,2024-07-17,15551.79,Delivered
O01141,C0141,2024-08-23,11520.91,Delivered
O01142,C0048,2025-04-04,16620.65,Delivered
O01143,C0394,2024-06-16,18629.97,Delivered
O01144,C0353,2024-01-01,6736.86,Returned
O01145,C0030,2025-03-23,16311.7,Delivered
O01146,C0593,2024-01-30,15775.76,Delivered
O01147,C0036,2024-01-16,12444.07,Delivered
O01148,C0647,2025-06-30,19781.78,Delivered
O01149,C0143,2025-06-21,3120.96,Delivered
O01150,C0230,2025-11-10,1950.6,Delivered
O01151,C0169,2025-06-24,19644.48,Delivered
O01152,C0139,2025-02-16,20544.19,Delivered
O01153,C0168,2025-08-08,11270.68,Delivered
O01154,C0439,2024-06-28,2471.62,Cancelled
O01155,C0017,2024-08-25,27619.83,Delivered
O01156,C0559,2025-04-25,12494.4,Delivered
O01157,C0399,2024-02-04,7200.05,Delivered
O01158,C0598,2024-08-18,8319.78,Delivered
O01159,C0444,2024-12-17,8625.52,Delivered
O01160,C0441,2024-05-10,13275.22,Delivered
O01161,C0063,2025-10-01,22785.61,Delivered
O01162,C0553,2024-10-26,8095.96,Delivered
O01163,C0466,2024-08-27,14488.11,Delivered
O01164,C0102,2025-06-20,19011.85,Delivered
O01165,C0448,2025-11-29,21744.75,Returned
O01166,C0113,2024-06-04,7892.08,Delivered
O01167,C0415,2025-03-27,27261.93,Delivered
O01168,C0601,2024-10-20,5119.72,Delivered
O01169,C0544,2025-11-07,8678.66,Delivered
O01170,C0175,2025-07-01,13149.32,Delivered
O01171,C0581,2025-01-06,10868.22,Delivered
O01172,C0571,2024-06-26,3563.3,Delivered
O01173,C0057,2025-02-18,10568.48,Delivered
O01174,C0515,2025-07-27,5118.66,Delivered
O01175,C0385,2024-09-10,8458.37,Delivered
O01176,C0180,2025-08-26,21866.07,Delivered
O01177,C0222,2025-11-19,7381.88,Delivered
O01178,C0600,2025-05-08,13472.53,Delivered
O01179,C0348,2025-06-05,3030.86,Delivered
O01180,C0240,2025-11-22,14349.88,Delivered
O01181,C0414,2024-05-21,1680.9,Delivered
O01182,C0208,2024-10-10,20492.41,Delivered
O01183,C0356,2025-10-09,25304.55,Delivered
O01184,C0429,2025-03-26,22368.4,Delivered
O01185,C0446,2024-12-09,14065.07,Delivered
O01186,C0049,2025-09-10,1665.68,Returned
O01187,C0039,2024-05-21,8572.48,Returned
O01188,C0505,2024-05-03,17736.76,Delivered
O01189,C0521,2024-12-19,17137.86,Delivered
O01190,C0418,2024-04-13,6572.59,Delivered
O01191,C0137,2024-02-21,16269.5,Delivered
O01192,C0374,2024-01-26,13633.42,Delivered
O01193,C0438,2025-05-01,16306.59,Delivered
O01194,C0011,2025-08-17,3948.02,Delivered
O01195,C0023,2024-10-28,3728.69,Delivered
O01196,C0181,2025-02-10,10213.5,Delivered
O01197,C0187,2025-04-30,11939.98,Cancelled
O01198,C0025,2025-06-30,11353.88,Delivered
O01199,C0391,2024-04-28,20833.16,Delivered
O01200,C0418,2025-06-10,1504.69,Delivered
O01201,C0205,2025-06-20,4454.13,Delivered
O01202,C0171,2024-02-11,8079.62,Delivered
O01203,C0541,2024-06-11,15085.94,Delivered
O01204,C0125,2025-03-05,21290.53,Delivered
O01205,C0133,2025-03-03,7903.79,Delivered
O01206,C0560,2024-11-03,14199.51,Delivered
O01207,C0319,2024-06-27,4051.61,Returned
O01208,C0352,2024-01-15,23797.47,Delivered
O01209,C0431,2025-06-10,13524.88,Delivered
O01210,C0227,2024-10-21,15364.91,Delivered
O01211,C0420,2025-11-26,22713.67,Delivered
O01212,C0091,2025-02-14,14447.41,Delivered
O01213,C0157,2024-08-09,9268.91,Delivered
O01214,C0511,2025-12-24,8268.95,Cancelled
O01215,C0185,2024-04-28,1811.03,Delivered
O01216,C0346,2025-05-13,7594.77,Delivered
O01217,C0249,2024-05-01,2548.03,Delivered
O01218,C0198,2025-11-03,13693.63,Cancelled
O01219,C0528,2024-09-06,6713.65,Delivered
O01220,C0375,2024-09-22,4231.42,Delivered
O01221,C0107,2025-04-03,14166.65,Delivered
O01222,C0538,2024-10-14,13236.64,Delivered
O01223,C0090,2025-04-20,4731.26,Delivered
O01224,C0358,2025-02-27,4323.07,Delivered
O01225,C0518,2025-10-13,13448.03,Delivered
O01226,C0142,2024-05-13,12684.45,Delivered
O01227,C0429,2025-05-15,9218.27,Delivered
O01228,C0517,2025-07-10,24810.47,Delivered
O01229,C0523,2025-12-30,3625.12,Delivered
O01230,C0280,2025-07-25,16078.8,Delivered
O01231,C0133,2025-02-27,19061.66,Delivered
O01232,C0211,2024-10-23,10533.08,Delivered
O01233,C0470,2024-11-17,18363.5,Delivered
O01234,C0105,2024-04-11,14035.17,Delivered
O01235,C0223,2025-06-09,28257.81,Cancelled
O01236,C0141,2024-09-22,9446.42,Delivered
O01237,C0080,2024-12-09,9972.44,Delivered
O01238,C0021,2025-06-14,29290.88,Delivered
O01239,C0348,2025-01-28,15006.58,Delivered
O01240,C0219,2025-07-17,15836.87,Delivered
O01241,C0165,2024-03-09,10382.62,Delivered
O01242,C0001,2024-11-12,4987.54,Delivered
O01243,C0316,2024-12-15,9067.1,Returned
O01244,C0127,2024-10-19,21477.28,Delivered
O01245,C0378,2025-07-15,21650.34,Delivered
O01246,C0358,2024-01-05,11515.3,Delivered
O01247,C0331,2025-07-04,3297.45,Delivered
O01248,C0020,2024-12-07,9000.06,Delivered
O01249,C0166,2025-03-09,3198.82,Delivered
O01250,C0505,2025-11-08,28339.37,Delivered
O01251,C0433,2025-07-10,853.45,Delivered
O01252,C0225,2025-12-06,10437.54,Delivered
O01253,C0434,2024-10-12,1362.97,Delivered
O01254,C0534,2024-01-08,12972.1,Delivered
O01255,C0155,2025-01-26,11548.85,Returned
O01256,C0308,2024-11-15,11891.45,Delivered
O01257,C0461,2025-07-18,11237.23,Delivered
O01258,C0271,2025-10-19,23819.09,Delivered
O01259,C0529,2025-08-13,13673.5,Delivered
O01260,C0435,2025-10-09,17095.0,Delivered
O01261,C0539,2025-12-17,15701.3,Delivered
O01262,C0076,2024-08-26,14441.02,Delivered
O01263,C0187,2024-05-31,15338.26,Delivered
O01264,C0194,2025-09-18,23478.07,Delivered
O01265,C0293,2024-09-20,15861.16,Delivered
O01266,C0083,2024-03-27,9653.52,Delivered
O01267,C0076,2024-02-13,6524.14,Delivered
O01268,C0355,2025-04-19,23568.76,Cancelled
O01269,C0634,2025-09-10,336.41,Delivered
O01270,C0433,2025-02-11,19624.63,Delivered
O01271,C0286,2024-11-06,13859.27,Cancelled
O01272,C0049,2024-03-09,9886.61,Delivered
O01273,C0142,2024-03-29,6287.08,Cancelled
O01274,C0471,2025-01-08,5910.92,Delivered
O01275,C0245,2024-01-15,9870.8,Delivered
O01276,C0355,2025-09-23,23489.46,Delivered
O01277,C0400,2025-06-14,34301.81,Delivered
O01278,C0117,2024-09-20,5559.21,Delivered
O01279,C0011,2024-11-16,32637.61,Cancelled
O01280,C0081,2025-05-16,6073.41,Delivered
O01281,C0597,2024-11-02,16453.53,Delivered
O01282,C0569,2024-10-17,13542.13,Delivered
O01283,C0407,2024-11-01,13673.27,Delivered
O01284,C0509,2025-04-20,14470.42,Delivered
O01285,C0518,2025-11-19,2568.37,Delivered
O01286,C0640,2024-02-11,12634.7,Delivered
O01287,C0142,2025-05-20,3987.66,Delivered
O01288,C0420,2025-01-02,738.49,Delivered
O01289,C0196,2025-12-16,832.84,Delivered
O01290,C0251,2024-05-12,12274.78,Delivered
O01291,C0385,2024-12-17,24589.05,Delivered
O01292,C0225,2024-07-22,12519.81,Delivered
O01293,C0607,2025-09-24,15765.09,Delivered
O01294,C0109,2024-08-08,17372.7,Delivered
O01295,C0305,2025-07-27,9885.29,Delivered
O01296,C0397,2025-12-07,12794.55,Delivered
O01297,C0299,2025-06-21,18113.37,Delivered
O01298,C0050,2024-11-22,5817.12,Delivered
O01299,C0639,2024-08-08,7741.36,Delivered
O01300,C0358,2024-04-12,8536.3,Cancelled
O01301,C0033,2025-08-29,8215.5,Delivered
O01302,C0068,2024-10-25,13936.19,Delivered
O01303,C0629,2024-08-13,25853.68,Delivered
O01304,C0161,2024-01-23,13774.55,Delivered
O01305,C0645,2025-09-30,3794.67,Delivered
O01306,C0282,2025-05-05,14308.82,Delivered
O01307,C0130,2024-02-07,12308.24,Delivered
O01308,C0635,2024-02-27,25310.89,Delivered
O01309,C0621,2025-04-20,14312.2,Delivered
O01310,C0008,2024-12-04,8038.29,Cancelled
O01311,C0339,2025-02-12,11860.91,Delivered
O01312,C0151,2024-05-29,18505.66,Delivered
O01313,C0637,2025-06-23,14393.9,Delivered
O01314,C0481,2025-06-07,9528.68,Returned
O01315,C0116,2024-02-26,10304.84,Delivered
O01316,C0439,2024-07-31,6714.66,Delivered
O01317,C0035,2025-11-18,7929.21,Delivered
O01318,C0040,2024-11-24,31201.66,Returned
O01319,C0557,2024-09-05,3091.17,Delivered
O01320,C0538,2025-08-15,9378.81,Delivered
O01321,C0187,2025-06-28,1143.34,Delivered
O01322,C0090,2024-10-30,1429.18,Delivered
O01323,C0078,2025-03-13,6744.26,Delivered
O01324,C0063,2025-12-09,5404.52,Delivered
O01325,C0062,2025-03-13,12817.43,Delivered
O01326,C0559,2024-10-23,1950.6,Delivered
O01327,C0579,2024-02-29,14471.72,Delivered
O01328,C0328,2024-12-12,30039.67,Delivered
O01329,C0132,2024-05-19,10771.94,Delivered
O01330,C0639,2024-03-26,22019.92,Delivered
O01331,C0045,2024-11-24,6002.19,Delivered
O01332,C0524,2024-03-26,12670.29,Delivered
O01333,C0359,2025-03-09,18239.3,Delivered
O01334,C0631,2024-09-10,7006.4,Delivered
O01335,C0123,2024-01-16,21666.23,Delivered
O01336,C0429,2024-04-11,8329.6,Delivered
O01337,C0336,2025-03-15,8344.78,Delivered
O01338,C0220,2025-08-30,1263.86,Delivered
O01339,C0028,2025-11-02,11962.59,Delivered
O01340,C0529,2025-10-21,5279.54,Delivered
O01341,C0650,2024-02-08,17096.59,Delivered
O01342,C0320,2025-08-09,1137.47,Delivered
O01343,C0273,2024-01-12,14665.58,Delivered
O01344,C0626,2024-03-15,13146.47,Delivered
O01345,C0366,2025-05-02,16518.46,Delivered
O01346,C0532,2025-04-08,16269.32,Delivered
O01347,C0242,2024-05-22,11909.68,Delivered
O01348,C0443,2024-03-14,395.78,Delivered
O01349,C0623,2024-12-23,5949.1,Cancelled
O01350,C0060,2024-04-10,30021.22,Delivered
O01351,C0133,2025-06-30,14374.56,Delivered
O01352,C0112,2024-12-06,27055.93,Delivered
O01353,C0350,2024-11-18,11427.49,Cancelled
O01354,C0035,2024-06-23,12889.42,Delivered
O01355,C0094,2024-09-26,19739.92,Delivered
O01356,C0331,2025-02-14,17445.61,Delivered
O01357,C0269,2024-08-27,28053.12,Delivered
O01358,C0532,2024-09-21,3452.69,Delivered
O01359,C0270,2025-04-30,9745.4,Delivered
O01360,C0619,2025-12-01,11515.1,Delivered
O01361,C0307,2024-06-16,21191.17,Delivered
O01362,C0005,2025-04-22,17156.17,Delivered
O01363,C0137,2025-02-02,10793.03,Returned
O01364,C0037,2024-01-23,2043.56,Delivered
O01365,C0580,2025-09-25,1214.8,Delivered
O01366,C0404,2025-08-13,21511.27,Delivered
O01367,C0522,2025-08-20,28495.24,Delivered
O01368,C0186,2024-09-02,12362.71,Delivered
O01369,C0005,2025-09-03,3306.95,Delivered
O01370,C0137,2025-07-04,14973.21,Delivered
O01371,C0448,2025-04-03,21727.28,Delivered
O01372,C0603,2024-10-30,12042.18,Delivered
O01373,C0335,2025-10-26,7701.94,Delivered
O01374,C0007,2025-12-27,2976.26,Delivered
O01375,C0183,2024-01-31,4671.23,Delivered
O01376,C0444,2024-11-09,9439.2,Delivered
O01377,C0070,2024-08-19,12650.74,Delivered
O01378,C0338,2024-05-02,16530.11,Cancelled
O01379,C0176,2025-12-14,15816.45,Delivered
O01380,C0423,2025-10-10,2916.42,Delivered
O01381,C0397,2025-01-18,23051.33,Delivered
O01382,C0221,2024-10-16,14732.49,Delivered
O01383,C0518,2025-06-21,11353.88,Delivered
O01384,C0549,2025-07-30,2631.36,Delivered
O01385,C0224,2025-12-26,33968.38,Delivered
O01386,C0416,2024-08-31,4052.56,Delivered
O01387,C0380,2025-05-02,1267.1,Delivered
O01388,C0053,2025-10-05,4831.47,Delivered
O01389,C0611,2024-09-17,14613.75,Delivered
O01390,C0586,2024-09-20,30642.56,Delivered
O01391,C0323,2025-04-30,9697.8,Delivered
O01392,C0149,2025-04-02,30560.55,Delivered
O01393,C0579,2025-01-07,20645.72,Delivered
O01394,C0051,2024-07-23,18843.7,Delivered
O01395,C0312,2024-07-22,32152.68,Delivered
O01396,C0409,2024-07-15,7569.25,Delivered
O01397,C0223,2024-06-15,11608.23,Delivered
O01398,C0480,2024-01-30,15844.25,Delivered
O01399,C0474,2024-04-24,10361.74,Delivered
O01400,C0312,2025-08-02,12046.45,Delivered
O01401,C0111,2025-05-29,9000.06,Delivered
O01402,C0561,2025-10-17,20909.94,Delivered
O01403,C0574,2025-05-19,22798.88,Delivered
O01404,C0376,2025-11-22,8014.5,Delivered
O01405,C0495,2024-09-10,33497.98,Delivered
O01406,C0025,2024-03-12,6375.08,Delivered
O01407,C0039,2024-06-13,8862.39,Delivered
O01408,C0345,2024-11-07,4391.13,Delivered
O01409,C0071,2025-05-12,16025.61,Delivered
O01410,C0189,2024-11-02,6513.19,Cancelled
O01411,C0343,2025-02-27,6691.06,Delivered
O01412,C0385,2025-05-22,14529.41,Returned
O01413,C0599,2025-04-03,18476.01,Delivered
O01414,C0506,2025-11-13,11871.06,Delivered
O01415,C0075,2024-11-03,6653.99,Delivered
O01416,C0396,2025-02-25,4468.83,Delivered
O01417,C0586,2025-02-21,4384.49,Delivered
O01418,C0243,2025-03-24,16564.43,Delivered
O01419,C0293,2025-01-17,16144.94,Delivered
O01420,C0479,2025-10-02,13017.58,Delivered
O01421,C0483,2025-06-12,7295.4,Delivered
O01422,C0304,2025-05-15,2270.62,Delivered
O01423,C0106,2024-08-08,14488.11,Delivered
O01424,C0190,2025-11-27,21174.08,Delivered
O01425,C0350,2024-12-27,20204.92,Delivered
O01426,C0359,2025-11-07,1429.18,Delivered
O01427,C0631,2024-04-11,9276.77,Delivered
O01428,C0479,2024-01-04,9386.84,Delivered
O01429,C0169,2024-02-09,17182.1,Delivered
O01430,C0353,2024-10-09,28725.33,Delivered
O01431,C0019,2025-07-26,14237.49,Delivered
O01432,C0047,2025-10-20,28554.31,Delivered
O01433,C0466,2025-05-29,22020.86,Delivered
O01434,C0261,2024-06-08,1746.4,Returned
O01435,C0554,2024-09-08,12157.68,Delivered
O01436,C0396,2024-04-08,13740.9,Delivered
O01437,C0472,2024-03-01,18458.93,Delivered
O01438,C0031,2025-03-16,5921.49,Delivered
O01439,C0397,2025-02-28,14193.78,Delivered
O01440,C0129,2025-05-12,1907.48,Delivered
O01441,C0629,2025-12-28,7430.5,Delivered
O01442,C0401,2024-10-12,19922.38,Delivered
O01443,C0058,2025-10-12,17794.92,Delivered
O01444,C0560,2024-11-06,6208.99,Delivered
O01445,C0001,2024-04-24,24573.6,Delivered
O01446,C0071,2025-02-03,10085.38,Delivered
O01447,C0269,2025-03-18,24419.34,Delivered
O01448,C0635,2024-10-31,4342.28,Delivered
O01449,C0054,2025-08-19,13606.64,Delivered
O01450,C0104,2025-01-20,16670.4,Delivered
O01451,C0041,2025-04-23,19971.22,Delivered
O01452,C0627,2025-02-11,15972.6,Delivered
O01453,C0613,2025-05-04,18201.71,Delivered
O01454,C0623,2024-08-07,14055.42,Delivered
O01455,C0085,2024-12-05,19147.92,Delivered
O01456,C0169,2024-05-24,11986.44,Delivered
O01457,C0492,2025-06-05,12501.31,Delivered
O01458,C0542,2025-07-16,25795.91,Delivered
O01459,C0323,2025-09-05,1377.61,Delivered
O01460,C0559,2025-02-21,29587.68,Delivered
O01461,C0047,2025-02-25,15030.42,Delivered
O01462,C0259,2025-12-26,12909.16,Delivered
O01463,C0370,2025-10-10,25052.29,Delivered
O01464,C0428,2024-04-24,6948.32,Delivered
O01465,C0143,2024-09-29,14466.84,Delivered
O01466,C0312,2024-06-16,15023.53,Delivered
O01467,C0512,2024-08-04,10279.66,Delivered
O01468,C0104,2024-05-13,5994.93,Delivered
O01469,C0104,2024-01-23,1650.74,Delivered
O01470,C0101,2025-03-29,9970.85,Delivered
O01471,C0006,2025-08-31,8908.26,Delivered
O01472,C0486,2025-04-10,5075.04,Delivered
O01473,C0072,2024-08-04,12503.72,Delivered
O01474,C0096,2024-04-02,17867.27,Delivered
O01475,C0149,2025-09-05,31314.78,Delivered
O01476,C0081,2024-02-07,20221.79,Delivered
O01477,C0353,2025-05-18,21196.27,Delivered
O01478,C0272,2024-09-22,19576.63,Delivered
O01479,C0181,2025-05-04,2527.72,Delivered
O01480,C0385,2025-01-23,16957.25,Delivered
O01481,C0164,2024-12-17,25647.4,Delivered
O01482,C0644,2024-07-13,10868.61,Delivered
O01483,C0377,2024-04-15,5105.26,Delivered
O01484,C0074,2024-12-24,19872.82,Delivered
O01485,C0350,2025-04-14,40136.98,Delivered
O01486,C0406,2024-12-15,7055.59,Delivered
O01487,C0281,2024-09-29,17546.69,Delivered
O01488,C0174,2025-07-28,20313.4,Delivered
O01489,C0206,2025-12-15,9954.54,Delivered
O01490,C0596,2025-11-01,6381.83,Delivered
O01491,C0112,2024-01-22,6749.57,Delivered
O01492,C0042,2024-02-05,15451.81,Delivered
O01493,C0358,2025-02-19,356.2,Delivered
O01494,C0030,2025-05-10,19712.22,Delivered
O01495,C0513,2025-05-29,2013.42,Delivered
O01496,C0027,2025-01-21,6999.05,Delivered
O01497,C0206,2025-02-17,19583.82,Delivered
O01498,C0359,2024-06-15,16789.67,Delivered
O01499,C0460,2025-11-26,12958.9,Delivered
O01500,C0195,2024-06-14,17706.53,Delivered
O01501,C0514,2024-11-30,868.81,Delivered
O01502,C0098,2024-06-22,13034.86,Delivered
O01503,C0527,2024-04-09,9762.54,Delivered
O01504,C0528,2024-04-25,8105.12,Delivered
O01505,C0316,2024-10-18,23516.98,Delivered
O01506,C0029,2025-12-16,12418.15,Delivered
O01507,C0045,2024-03-05,13577.09,Delivered
O01508,C0574,2025-01-04,13954.87,Delivered
O01509,C0575,2025-02-27,5386.69,Delivered
O01510,C0636,2024-01-01,3397.37,Delivered
O01511,C0624,2025-04-15,4777.81,Cancelled
O01512,C0526,2025-08-02,25909.43,Delivered
O01513,C0184,2024-10-15,5503.62,Delivered
O01514,C0475,2024-02-09,4894.92,Delivered
O01515,C0533,2025-06-05,2439.95,Delivered
O01516,C0424,2024-06-16,4019.16,Returned
O01517,C0071,2025-09-11,17694.94,Delivered
O01518,C0178,2025-10-14,11479.39,Delivered
O01519,C0300,2025-07-05,31569.83,Delivered
O01520,C0588,2025-07-23,8213.5,Delivered
O01521,C0545,2025-06-22,15559.34,Delivered
O01522,C0481,2024-08-15,13992.24,Delivered
O01523,C0545,2024-10-27,2687.65,Delivered
O01524,C0178,2025-09-14,4751.64,Delivered
O01525,C0107,2025-07-14,3609.7,Delivered
O01526,C0395,2025-08-24,9720.3,Delivered
O01527,C0354,2024-11-14,9535.16,Delivered
O01528,C0098,2024-09-02,29777.48,Delivered
O01529,C0161,2024-12-25,18595.64,Delivered
O01530,C0190,2024-09-04,11398.8,Delivered
O01531,C0142,2025-07-10,825.37,Delivered
O01532,C0318,2024-06-05,18633.28,Delivered
O01533,C0533,2024-07-11,11596.44,Delivered
O01534,C0247,2025-08-15,31051.18,Delivered
O01535,C0086,2025-11-09,2522.3,Delivered
O01536,C0526,2025-08-18,6778.84,Returned
O01537,C0110,2024-06-26,2768.03,Delivered
O01538,C0282,2024-10-07,2821.87,Delivered
O01539,C0239,2025-09-20,2903.22,Delivered
O01540,C0418,2024-12-12,21279.48,Delivered
O01541,C0217,2025-09-27,17485.04,Delivered
O01542,C0588,2025-08-09,15078.4,Delivered
O01543,C0491,2024-06-14,3998.12,Returned
O01544,C0498,2025-03-01,1570.66,Delivered
O01545,C0317,2025-05-11,24485.74,Delivered
O01546,C0235,2025-09-14,13675.98,Returned
O01547,C0040,2024-05-22,7028.02,Delivered
O01548,C0259,2025-07-18,23631.0,Delivered
O01549,C0600,2025-02-12,27684.68,Delivered
O01550,C0170,2025-02-23,7487.8,Delivered
O01551,C0196,2025-02-14,10233.3,Delivered
O01552,C0568,2025-02-18,3744.43,Delivered
O01553,C0133,2025-02-26,3484.94,Delivered
O01554,C0232,2025-10-13,6030.72,Delivered
O01555,C0502,2024-01-05,13571.67,Cancelled
O01556,C0498,2024-05-05,25914.3,Delivered
O01557,C0197,2025-09-25,9020.97,Delivered
O01558,C0299,2024-07-31,12524.54,Delivered
O01559,C0339,2024-04-08,14994.85,Delivered
O01560,C0474,2024-08-07,20338.9,Delivered
O01561,C0302,2024-12-18,10610.02,Delivered
O01562,C0480,2024-02-19,9910.85,Delivered
O01563,C0119,2024-05-18,2257.99,Delivered
O01564,C0195,2024-09-03,22963.8,Delivered
O01565,C0503,2025-06-02,7325.73,Delivered
O01566,C0647,2024-02-06,13909.65,Returned
O01567,C0503,2025-06-16,1490.36,Delivered
O01568,C0647,2025-07-12,9353.07,Delivered
O01569,C0456,2024-09-27,10492.14,Delivered
O01570,C0327,2024-04-22,4777.3,Delivered
O01571,C0391,2024-08-17,6499.18,Delivered
O01572,C0495,2024-07-24,6770.43,Delivered
O01573,C0233,2025-05-08,5689.99,Delivered
O01574,C0149,2024-11-17,27934.57,Delivered
O01575,C0623,2024-08-09,2379.64,Delivered
O01576,C0222,2024-08-15,24871.36,Delivered
O01577,C0398,2025-03-30,23260.4,Delivered
O01578,C0279,2024-02-18,24497.96,Delivered
O01579,C0416,2025-05-28,14801.54,Delivered
O01580,C0073,2024-01-04,25343.07,Delivered
O01581,C0300,2024-10-13,10243.56,Delivered
O01582,C0125,2024-08-29,7099.29,Delivered
O01583,C0434,2024-06-25,27280.64,Delivered
O01584,C0147,2024-08-09,4195.4,Delivered
O01585,C0351,2024-06-22,1134.92,Delivered
O01586,C0566,2025-06-21,14905.24,Delivered
O01587,C0038,2025-03-10,23561.08,Delivered
O01588,C0543,2024-03-29,8103.22,Delivered
O01589,C0574,2025-04-13,17862.69,Delivered
O01590,C0507,2025-10-21,8687.76,Delivered
O01591,C0406,2025-05-26,26040.79,Delivered
O01592,C0330,2025-10-15,17963.21,Delivered
O01593,C0080,2024-05-05,6136.29,Delivered
O01594,C0591,2024-04-27,4829.6,Delivered
O01595,C0188,2025-09-10,16762.79,Delivered
O01596,C0395,2025-10-22,3672.21,Cancelled
O01597,C0452,2025-04-23,14193.78,Delivered
O01598,C0553,2024-05-11,9026.65,Delivered
O01599,C0335,2025-01-30,13870.6,Delivered
O01600,C0410,2025-05-09,13263.85,Delivered
O01601,C0103,2024-03-05,12451.09,Cancelled
O01602,C0487,2025-11-20,17831.36,Returned
O01603,C0047,2025-03-01,6365.53,Delivered
O01604,C0253,2025-09-25,19002.4,Delivered
O01605,C0304,2025-11-12,13261.39,Delivered
O01606,C0205,2025-12-14,24942.89,Delivered
O01607,C0560,2025-06-08,5567.18,Delivered
O01608,C0537,2025-09-11,23796.89,Delivered
O01609,C0100,2024-07-19,10483.24,Delivered
O01610,C0208,2024-12-23,11549.8,Delivered
O01611,C0326,2025-02-17,9734.32,Delivered
O01612,C0168,2024-06-24,24524.0,Delivered
O01613,C0459,2024-03-26,3424.18,Delivered
O01614,C0513,2024-08-22,16891.7,Delivered
O01615,C0550,2025-07-03,26652.86,Delivered
O01616,C0575,2024-02-13,14212.65,Delivered
O01617,C0112,2024-06-01,10002.42,Delivered
O01618,C0513,2025-12-01,21483.21,Delivered
O01619,C0177,2025-08-21,14552.09,Delivered
O01620,C0011,2025-09-28,4052.56,Delivered
O01621,C0154,2025-03-29,28910.89,Delivered
O01622,C0194,2024-03-08,18984.82,Returned
O01623,C0557,2024-10-08,20351.27,Delivered
O01624,C0351,2025-05-06,23797.19,Returned
O01625,C0339,2024-12-19,12649.88,Delivered
O01626,C0578,2024-02-22,22764.04,Cancelled
O01627,C0089,2025-12-12,17577.64,Delivered
O01628,C0301,2025-05-17,17514.82,Delivered
O01629,C0257,2024-09-20,29375.28,Delivered
O01630,C0433,2025-05-15,24530.9,Delivered
O01631,C0150,2025-02-23,10301.64,Delivered
O01632,C0576,2024-05-29,3420.82,Delivered
O01633,C0247,2025-09-10,16044.89,Delivered
O01634,C0485,2025-03-12,9644.56,Delivered
O01635,C0236,2025-07-29,16261.57,Delivered
O01636,C0337,2024-01-16,13475.38,Delivered
O01637,C0290,2025-03-22,2545.46,Delivered
O01638,C0142,2024-01-13,5325.27,Delivered
O01639,C0592,2025-05-20,18134.69,Delivered
O01640,C0189,2024-12-03,12176.27,Delivered
O01641,C0199,2025-11-30,22126.12,Delivered
O01642,C0386,2025-04-03,5131.24,Delivered
O01643,C0238,2024-02-26,21750.38,Delivered
O01644,C0395,2025-12-19,6964.93,Delivered
O01645,C0108,2025-03-31,13159.11,Delivered
O01646,C0595,2025-12-25,18040.97,Delivered
O01647,C0004,2025-04-17,6527.25,Delivered
O01648,C0638,2025-05-11,7830.71,Delivered
O01649,C0080,2024-04-29,8240.52,Delivered
O01650,C0081,2025-06-29,3244.77,Delivered
O01651,C0233,2024-02-06,21944.33,Cancelled
O01652,C0253,2024-08-17,3782.74,Delivered
O01653,C0625,2024-12-13,21020.45,Delivered
O01654,C0356,2024-10-23,3009.37,Delivered
O01655,C0249,2024-02-16,20738.85,Cancelled
O01656,C0476,2025-07-05,3459.18,Delivered
O01657,C0100,2024-01-30,21130.91,Delivered
O01658,C0414,2024-06-12,13063.84,Delivered
O01659,C0468,2025-02-18,25777.79,Delivered
O01660,C0183,2025-11-05,17148.11,Delivered
O01661,C0447,2025-06-14,12164.23,Delivered
O01662,C0187,2024-08-27,9412.66,Delivered
O01663,C0285,2025-07-06,6182.33,Delivered
O01664,C0591,2025-02-15,21359.77,Delivered
O01665,C0379,2025-10-28,375.99,Delivered
O01666,C0016,2025-06-27,22576.14,Delivered
O01667,C0185,2025-08-28,20904.09,Delivered
O01668,C0640,2025-04-27,4649.43,Delivered
O01669,C0488,2024-10-21,27898.5,Delivered
O01670,C0238,2025-09-22,3763.32,Delivered
O01671,C0457,2025-02-19,24327.82,Delivered
O01672,C0156,2025-07-04,34808.14,Delivered
O01673,C0506,2024-01-29,3947.04,Delivered
O01674,C0061,2025-10-03,17162.87,Delivered
O01675,C0552,2024-10-23,11622.37,Delivered
O01676,C0251,2025-03-24,19021.57,Delivered
O01677,C0609,2024-04-30,6028.74,Delivered
O01678,C0098,2024-02-08,18140.16,Delivered
O01679,C0113,2024-08-18,9571.02,Delivered
O01680,C0496,2024-11-20,14544.36,Delivered
O01681,C0203,2024-03-24,11979.53,Delivered
O01682,C0048,2024-02-25,16263.4,Delivered
O01683,C0554,2025-07-22,4445.7,Delivered
O01684,C0496,2024-03-22,6394.3,Delivered
O01685,C0367,2025-05-20,17810.17,Delivered
O01686,C0477,2025-08-02,8994.97,Delivered
O01687,C0243,2024-02-28,16935.16,Cancelled
O01688,C0492,2024-04-14,23355.22,Delivered
O01689,C0330,2025-03-09,12513.79,Delivered
O01690,C0217,2024-07-13,26649.05,Delivered
O01691,C0434,2025-03-10,24346.0,Delivered
O01692,C0650,2025-10-25,9911.38,Delivered
O01693,C0136,2024-03-07,5098.68,Delivered
O01694,C0599,2025-04-04,25078.11,Delivered
O01695,C0288,2025-10-11,17629.25,Delivered
O01696,C0320,2024-06-28,13286.1,Delivered
O01697,C0568,2024-03-07,3625.12,Delivered
O01698,C0318,2025-08-19,12797.86,Delivered
O01699,C0413,2025-08-26,10805.57,Delivered
O01700,C0524,2025-04-25,6544.26,Delivered
