payment_id,order_id,payment_method,amount
PAY00001,O00001,UPI,19980.03
PAY00002,O00002,COD,25268.85
PAY00003,O00003,UPI,9346.6
PAY00004,O00004,UPI,16381.22
PAY00005,O00005,UPI,29380.9
PAY00006,O00006,UPI,12157.68
PAY00007,O00007,Card,2406.47
PAY00008,O00008,Card,16442.47
PAY00009,O00009,UPI,27001.21
PAY00010,O00010,COD,1706.9
PAY00011,O00011,COD,17201.8
PAY00012,O00012,COD,21065.36
PAY00013,O00013,UPI,3452.69
PAY00014,O00014,UPI,13334.32
PAY00015,O00015,UPI,8516.84
PAY00016,O00016,Net Banking,8194.84
PAY00017,O00017,COD,13209.44
PAY00018,O00018,Card,17414.08
PAY00019,O00019,Card,30906.63
PAY00020,O00020,Net Banking,9804.62
PAY00021,O00021,UPI,3115.04
PAY00022,O00022,UPI,27846.02
PAY00023,O00023,Card,739.14
PAY00024,O00024,UPI,10392.83
PAY00025,O00025,UPI,10085.67
PAY00026,O00026,Card,18899.32
PAY00027,O00027,Card,21225.05
PAY00028,O00028,COD,13960.65
PAY00029,O00029,UPI,27690.03
PAY00030,O00030,Card,949.87
PAY00031,O00031,Card,18392.08
PAY00032,O00032,Card,4339.8
PAY00033,O00033,COD,21665.64
PAY00034,O00034,Card,11846.05
PAY00035,O00035,Net Banking,17437.89
PAY00036,O00036,UPI,4692.69
PAY00037,O00037,Card,12763.56
PAY00038,O00038,Card,13622.35
PAY00039,O00039,UPI,4165.72
PAY00040,O00040,COD,13940.04
PAY00041,O00041,COD,8021.4
PAY00042,O00042,COD,1187.34
PAY00043,O00043,UPI,10361.66
PAY00044,O00044,UPI,13098.4
PAY00045,O00045,UPI,14505.77
PAY00046,O00046,Net Banking,11872.3
PAY00047,O00047,UPI,23628.92
PAY00048,O00048,UPI,13638.23
PAY00049,O00049,UPI,11780.63
PAY00050,O00050,UPI,9568.09
PAY00051,O00051,Net Banking,2148.56
PAY00052,O00052,COD,6580.68
PAY00053,O00053,UPI,727.03
PAY00054,O00054,UPI,3884.46
PAY00055,O00055,COD,7593.9
PAY00056,O00056,Card,4822.28
PAY00057,O00057,UPI,6975.82
PAY00058,O00058,UPI,12965.39
PAY00059,O00059,Card,14001.3
PAY00060,O00060,UPI,26060.21
PAY00061,O00061,UPI,8017.95
PAY00062,O00062,COD,8386.86
PAY00063,O00063,COD,7262.68
PAY00064,O00064,Card,20382.35
PAY00065,O00065,COD,15443.24
PAY00066,O00066,Card,13846.11
PAY00067,O00067,UPI,9786.19
PAY00068,O00068,UPI,2411.49
PAY00069,O00069,Card,12366.9
PAY00070,O00070,COD,11323.99
PAY00071,O00071,UPI,3004.59
PAY00072,O00072,UPI,1476.98
PAY00073,O00073,COD,23601.48
PAY00074,O00074,UPI,10215.47
PAY00075,O00075,COD,6373.43
PAY00076,O00076,Card,13534.22
PAY00077,O00077,COD,4369.49
PAY00078,O00078,UPI,12435.82
PAY00079,O00079,Card,9525.57
PAY00080,O00080,COD,27274.52
PAY00081,O00081,UPI,8607.01
PAY00082,O00082,Card,10993.24
PAY00083,O00083,UPI,11497.22
PAY00084,O00084,Card,6144.05
PAY00085,O00085,UPI,12108.95
PAY00086,O00086,COD,26093.83
PAY00087,O00087,Card,15433.77
PAY00088,O00088,COD,6977.34
PAY00089,O00089,COD,10238.02
PAY00090,O00090,COD,17193.05
PAY00091,O00091,Net Banking,3603.01
PAY00092,O00092,UPI,19434.21
PAY00093,O00093,COD,1499.11
PAY00094,O00094,UPI,16682.67
PAY00095,O00095,UPI,23419.34
PAY00096,O00096,UPI,25822.67
PAY00097,O00097,UPI,19140.97
PAY00098,O00098,UPI,8146.5
PAY00099,O00099,Card,10615.04
PAY00100,O00100,Card,28000.03
PAY00101,O00101,Card,13085.25
PAY00102,O00102,Net Banking,7319.85
PAY00103,O00103,Card,6519.06
PAY00104,O00104,UPI,2768.03
PAY00105,O00105,Card,20859.81
PAY00106,O00106,COD,23959.97
PAY00107,O00107,COD,8768.98
PAY00108,O00108,Card,31341.59
PAY00109,O00109,UPI,7929.21
PAY00110,O00110,Card,2450.2
PAY00111,O00111,UPI,37533.87
PAY00112,O00112,UPI,7805.27
PAY00113,O00113,COD,17714.41
PAY00114,O00114,Card,14994.34
PAY00115,O00115,UPI,3776.0
PAY00116,O00116,UPI,12028.51
PAY00117,O00117,Card,18817.63
PAY00118,O00118,UPI,12500.84
PAY00119,O00119,UPI,19786.44
PAY00120,O00120,COD,14204.67
PAY00121,O00121,Card,10015.85
PAY00122,O00122,Net Banking,12335.36
PAY00123,O00123,Card,23919.04
PAY00124,O00124,Card,34814.86
PAY00125,O00125,UPI,13718.1
PAY00126,O00126,UPI,14334.49
PAY00127,O00127,UPI,1582.4
PAY00128,O00128,UPI,7822.22
PAY00129,O00129,Card,3391.07
PAY00130,O00130,UPI,6513.46
PAY00131,O00131,Card,7788.36
PAY00132,O00132,Card,30685.14
PAY00133,O00133,UPI,37930.6
PAY00134,O00134,COD,32926.54
PAY00135,O00135,COD,12653.64
PAY00136,O00136,Card,2687.65
PAY00137,O00137,UPI,13324.11
PAY00138,O00138,Net Banking,20204.9
PAY00139,O00139,COD,7569.25
PAY00140,O00140,UPI,18265.85
PAY00141,O00141,COD,6140.97
PAY00142,O00142,Card,1729.59
PAY00143,O00143,COD,10749.58
PAY00144,O00144,UPI,23397.72
PAY00145,O00145,COD,25171.68
PAY00146,O00146,Card,3746.83
PAY00147,O00147,UPI,29625.5
PAY00148,O00148,UPI,4706.4
PAY00149,O00149,UPI,10542.75
PAY00150,O00150,Card,15181.05
PAY00151,O00151,COD,5226.51
PAY00152,O00152,COD,7730.96
PAY00153,O00153,COD,8387.45
PAY00154,O00154,COD,20462.9
PAY00155,O00155,COD,24974.95
PAY00156,O00156,COD,21505.36
PAY00157,O00157,COD,12129.67
PAY00158,O00158,UPI,1978.47
PAY00159,O00159,Card,10643.17
PAY00160,O00160,COD,16377.97
PAY00161,O00161,UPI,29560.24
PAY00162,O00162,UPI,11358.03
PAY00163,O00163,Net Banking,14537.84
PAY00164,O00164,UPI,4052.56
PAY00165,O00165,UPI,21865.27
PAY00166,O00166,Net Banking,3576.97
PAY00167,O00167,COD,26010.2
PAY00168,O00168,UPI,15098.55
PAY00169,O00169,COD,14207.68
PAY00170,O00170,COD,7572.02
PAY00171,O00171,Card,11967.61
PAY00172,O00172,Card,14170.76
PAY00173,O00173,Card,17927.36
PAY00174,O00174,Card,10014.81
PAY00175,O00175,COD,19641.78
PAY00176,O00176,UPI,18382.09
PAY00177,O00177,Card,25288.9
PAY00178,O00178,UPI,31329.84
PAY00179,O00179,UPI,12157.68
PAY00180,O00180,UPI,5567.18
PAY00181,O00181,Net Banking,23626.78
PAY00182,O00182,COD,11269.06
PAY00183,O00183,COD,1973.83
PAY00184,O00184,Card,1476.98
PAY00185,O00185,UPI,7552.0
PAY00186,O00186,COD,12145.77
PAY00187,O00187,Card,10044.19
PAY00188,O00188,UPI,6823.76
PAY00189,O00189,COD,6369.81
PAY00190,O00190,COD,6572.65
PAY00191,O00191,Net Banking,12607.13
PAY00192,O00192,UPI,13881.25
PAY00193,O00193,COD,18109.58
PAY00194,O00194,COD,7250.25
PAY00195,O00195,UPI,20972.22
PAY00196,O00196,UPI,13088.0
PAY00197,O00197,UPI,27987.02
PAY00198,O00198,UPI,20915.26
PAY00199,O00199,UPI,2314.56
PAY00200,O00200,Card,6099.15
PAY00201,O00201,Card,7650.05
PAY00202,O00202,COD,5086.61
PAY00203,O00203,Card,17196.61
PAY00204,O00204,UPI,16133.32
PAY00205,O00205,UPI,11979.37
PAY00206,O00206,Net Banking,22948.13
PAY00207,O00207,UPI,17531.52
PAY00208,O00208,COD,14260.71
PAY00209,O00209,Net Banking,12731.2
PAY00210,O00210,UPI,31662.47
PAY00211,O00211,Card,5407.57
PAY00212,O00212,Card,9524.32
PAY00213,O00213,Card,24179.94
PAY00214,O00214,Card,28066.44
PAY00215,O00215,Net Banking,15115.26
PAY00216,O00216,Card,17642.82
PAY00217,O00217,UPI,12360.74
PAY00218,O00218,UPI,4743.7
PAY00219,O00219,Net Banking,1470.47
PAY00220,O00220,Net Banking,21468.49
PAY00221,O00221,Net Banking,14136.51
PAY00222,O00222,Card,29966.52
PAY00223,O00223,UPI,7305.51
PAY00224,O00224,UPI,20590.61
PAY00225,O00225,UPI,21824.15
PAY00226,O00226,COD,2257.99
PAY00227,O00227,UPI,25961.87
PAY00228,O00228,UPI,18502.07
PAY00229,O00229,Card,17695.03
PAY00230,O00230,Card,1560.48
PAY00231,O00231,UPI,23816.2
PAY00232,O00232,Card,11823.54
PAY00233,O00233,Card,6173.28
PAY00234,O00234,UPI,14505.0
PAY00235,O00235,COD,10930.25
PAY00236,O00236,COD,7137.23
PAY00237,O00237,COD,8472.02
PAY00238,O00238,COD,10019.07
PAY00239,O00239,COD,9477.52
PAY00240,O00240,UPI,23922.73
PAY00241,O00241,Card,989.24
PAY00242,O00242,COD,26755.55
PAY00243,O00243,COD,10452.49
PAY00244,O00244,UPI,18878.89
PAY00245,O00245,UPI,12691.72
PAY00246,O00246,COD,20880.45
PAY00247,O00247,Card,1099.15
PAY00248,O00248,Card,13138.33
PAY00249,O00249,Card,12004.84
PAY00250,O00250,Card,8570.63
PAY00251,O00251,UPI,18426.28
PAY00252,O00252,UPI,15571.03
PAY00253,O00253,Card,12886.0
PAY00254,O00254,COD,11740.83
PAY00255,O00255,Card,19784.93
PAY00256,O00256,Card,16743.14
PAY00257,O00257,UPI,14074.08
PAY00258,O00258,Card,19861.97
PAY00259,O00259,Card,10771.9
PAY00260,O00260,Card,12111.33
PAY00261,O00261,Card,727.03
PAY00262,O00262,UPI,11646.79
PAY00263,O00263,Card,14797.38
PAY00264,O00264,Card,13555.56
PAY00265,O00265,Card,4747.84
PAY00266,O00266,UPI,15867.53
PAY00267,O00267,Net Banking,16847.29
PAY00268,O00268,UPI,14262.74
PAY00269,O00269,Net Banking,26224.48
PAY00270,O00270,Card,24683.39
PAY00271,O00271,UPI,25343.79
PAY00272,O00272,UPI,5949.1
PAY00273,O00273,Card,3154.23
PAY00274,O00274,Card,19748.14
PAY00275,O00275,UPI,16543.44
PAY00276,O00276,Net Banking,1238.29
PAY00277,O00277,UPI,4822.28
PAY00278,O00278,UPI,12462.28
PAY00279,O00279,Net Banking,24945.75
PAY00280,O00280,UPI,17385.47
PAY00281,O00281,UPI,12230.58
PAY00282,O00282,UPI,22200.03
PAY00283,O00283,UPI,15995.93
PAY00284,O00284,Card,21720.05
PAY00285,O00285,UPI,2687.65
PAY00286,O00286,COD,7867.04
PAY00287,O00287,Card,2277.52
PAY00288,O00288,Net Banking,2940.93
PAY00289,O00289,UPI,6206.59
PAY00290,O00290,Net Banking,4835.29
PAY00291,O00291,UPI,10221.52
PAY00292,O00292,Card,3786.01
PAY00293,O00293,COD,8238.75
PAY00294,O00294,Card,2476.11
PAY00295,O00295,Card,4492.0
PAY00296,O00296,UPI,11183.11
PAY00297,O00297,Card,1429.18
PAY00298,O00298,COD,8806.88
PAY00299,O00299,UPI,11517.2
PAY00300,O00300,Card,23183.01
PAY00301,O00301,COD,8678.95
PAY00302,O00302,UPI,33558.04
PAY00303,O00303,UPI,4258.13
PAY00304,O00304,UPI,12843.15
PAY00305,O00305,UPI,22896.33
PAY00306,O00306,COD,22421.26
PAY00307,O00307,Card,10716.8
PAY00308,O00308,Card,923.92
PAY00309,O00309,COD,19364.56
PAY00310,O00310,COD,9060.12
PAY00311,O00311,UPI,15804.33
PAY00312,O00312,Net Banking,20493.38
PAY00313,O00313,Card,5611.84
PAY00314,O00314,Net Banking,832.84
PAY00315,O00315,UPI,20515.72
PAY00316,O00316,UPI,30079.42
PAY00317,O00317,COD,11651.95
PAY00318,O00318,UPI,19006.35
PAY00319,O00319,Card,7083.33
PAY00320,O00320,UPI,8100.05
PAY00321,O00321,Card,10124.6
PAY00322,O00322,Card,24340.25
PAY00323,O00323,Card,4173.27
PAY00324,O00324,UPI,6499.18
PAY00325,O00325,Card,2257.99
PAY00326,O00326,UPI,5065.28
PAY00327,O00327,UPI,37379.14
PAY00328,O00328,Net Banking,6656.39
PAY00329,O00329,COD,4088.91
PAY00330,O00330,Card,19043.93
PAY00331,O00331,COD,18186.12
PAY00332,O00332,COD,4710.05
PAY00333,O00333,UPI,12873.25
PAY00334,O00334,Card,17048.6
PAY00335,O00335,Card,18256.62
PAY00336,O00336,Card,11641.89
PAY00337,O00337,COD,17691.16
PAY00338,O00338,Card,17030.15
PAY00339,O00339,UPI,7374.97
PAY00340,O00340,UPI,3463.47
PAY00341,O00341,COD,1357.72
PAY00342,O00342,COD,2330.98
PAY00343,O00343,UPI,19471.2
PAY00344,O00344,UPI,10675.1
PAY00345,O00345,COD,13333.81
PAY00346,O00346,UPI,30000.03
PAY00347,O00347,UPI,15297.4
PAY00348,O00348,COD,29925.22
PAY00349,O00349,Card,10591.12
PAY00350,O00350,Net Banking,6052.68
PAY00351,O00351,Card,6154.77
PAY00352,O00352,UPI,17817.32
PAY00353,O00353,UPI,15547.93
PAY00354,O00354,UPI,10380.14
PAY00355,O00355,Card,18194.82
PAY00356,O00356,Card,15910.29
PAY00357,O00357,UPI,7094.56
PAY00358,O00358,UPI,18803.26
PAY00359,O00359,Card,19983.59
PAY00360,O00360,UPI,11658.69
PAY00361,O00361,Card,9696.24
PAY00362,O00362,Net Banking,15440.36
PAY00363,O00363,UPI,18572.04
PAY00364,O00364,UPI,738.49
PAY00365,O00365,Card,14863.1
PAY00366,O00366,UPI,2043.56
PAY00367,O00367,COD,16008.33
PAY00368,O00368,UPI,18360.29
PAY00369,O00369,Card,22339.94
PAY00370,O00370,UPI,19628.86
PAY00371,O00371,UPI,19576.22
PAY00372,O00372,COD,12038.64
PAY00373,O00373,Card,12485.27
PAY00374,O00374,COD,14867.98
PAY00375,O00375,COD,21888.95
PAY00376,O00376,UPI,17635.55
PAY00377,O00377,UPI,11239.76
PAY00378,O00378,COD,12845.44
PAY00379,O00379,Card,3277.12
PAY00380,O00380,UPI,16305.27
PAY00381,O00381,UPI,6613.9
PAY00382,O00382,UPI,10063.33
PAY00383,O00383,Card,26348.75
PAY00384,O00384,UPI,21459.22
PAY00385,O00385,Card,18077.68
PAY00386,O00386,Card,25765.87
PAY00387,O00387,Card,22702.01
PAY00388,O00388,UPI,7726.99
PAY00389,O00389,Card,9271.03
PAY00390,O00390,Card,14344.82
PAY00391,O00391,Net Banking,8052.86
PAY00392,O00392,Net Banking,1203.23
PAY00393,O00393,COD,3666.96
PAY00394,O00394,Card,15622.11
PAY00395,O00395,UPI,11307.99
PAY00396,O00396,Card,13499.41
PAY00397,O00397,Net Banking,20611.01
PAY00398,O00398,UPI,19015.33
PAY00399,O00399,Net Banking,9500.68
PAY00400,O00400,COD,6430.63
PAY00401,O00401,Card,17893.78
PAY00402,O00402,COD,4660.95
PAY00403,O00403,UPI,25868.73
PAY00404,O00404,UPI,21758.49
PAY00405,O00405,COD,1066.27
PAY00406,O00406,Card,6822.95
PAY00407,O00407,UPI,2508.88
PAY00408,O00408,UPI,11155.99
PAY00409,O00409,UPI,26669.39
PAY00410,O00410,COD,30289.28
PAY00411,O00411,COD,8446.44
PAY00412,O00412,Card,8109.48
PAY00413,O00413,Net Banking,5553.81
PAY00414,O00414,Card,19176.9
PAY00415,O00415,Net Banking,6619.58
PAY00416,O00416,UPI,24371.43
PAY00417,O00417,Card,21255.93
PAY00418,O00418,UPI,13062.61
PAY00419,O00419,UPI,3647.3
PAY00420,O00420,Card,2830.99
PAY00421,O00421,Card,8768.98
PAY00422,O00422,UPI,6964.64
PAY00423,O00423,UPI,2217.41
PAY00424,O00424,Card,3033.26
PAY00425,O00425,UPI,27917.0
PAY00426,O00426,Net Banking,4706.4
PAY00427,O00427,COD,10275.21
PAY00428,O00428,UPI,3698.26
PAY00429,O00429,Card,15678.91
PAY00430,O00430,COD,3492.82
PAY00431,O00431,Card,7678.12
PAY00432,O00432,Card,7676.79
PAY00433,O00433,Card,9653.52
PAY00434,O00434,UPI,20839.6
PAY00435,O00435,Card,21924.67
PAY00436,O00436,Net Banking,8329.6
PAY00437,O00437,UPI,3795.17
PAY00438,O00438,UPI,25712.41
PAY00439,O00439,Card,11724.16
PAY00440,O00440,COD,20162.51
PAY00441,O00441,UPI,10893.84
PAY00442,O00442,UPI,10429.75
PAY00443,O00443,UPI,13559.0
PAY00444,O00444,Card,10997.98
PAY00445,O00445,Card,9545.93
PAY00446,O00446,Card,18003.65
PAY00447,O00447,Net Banking,1187.34
PAY00448,O00448,UPI,1255.04
PAY00449,O00449,UPI,16291.58
PAY00450,O00450,Card,32590.92
PAY00451,O00451,UPI,3858.79
PAY00452,O00452,Card,12778.85
PAY00453,O00453,UPI,3744.43
PAY00454,O00454,Card,3244.77
PAY00455,O00455,UPI,20135.11
PAY00456,O00456,Card,26068.99
PAY00457,O00457,Card,4366.23
PAY00458,O00458,Card,16166.05
PAY00459,O00459,UPI,14521.7
PAY00460,O00460,Card,15878.97
PAY00461,O00461,Net Banking,16491.29
PAY00462,O00462,COD,15946.26
PAY00463,O00463,UPI,5851.9
PAY00464,O00464,COD,3822.04
PAY00465,O00465,UPI,7557.37
PAY00466,O00466,UPI,3306.95
PAY00467,O00467,COD,13249.14
PAY00468,O00468,UPI,21712.64
PAY00469,O00469,Net Banking,7081.72
PAY00470,O00470,Card,7792.53
PAY00471,O00471,Card,27960.12
PAY00472,O00472,UPI,13032.25
PAY00473,O00473,Card,4511.83
PAY00474,O00474,UPI,14637.49
PAY00475,O00475,UPI,11571.68
PAY00476,O00476,UPI,7978.01
PAY00477,O00477,UPI,11548.27
PAY00478,O00478,UPI,4500.03
PAY00479,O00479,Net Banking,17588.74
PAY00480,O00480,Card,6507.54
PAY00481,O00481,UPI,11399.18
PAY00482,O00482,Net Banking,11508.34
PAY00483,O00483,Card,23055.81
PAY00484,O00484,Net Banking,18879.91
PAY00485,O00485,Card,7722.82
PAY00486,O00486,Card,27937.69
PAY00487,O00487,Net Banking,22092.4
PAY00488,O00488,Card,3869.36
PAY00489,O00489,UPI,17400.89
PAY00490,O00490,COD,21046.58
PAY00491,O00491,Net Banking,21924.68
PAY00492,O00492,UPI,20324.99
PAY00493,O00493,COD,1568.8
PAY00494,O00494,UPI,10307.65
PAY00495,O00495,Card,13640.61
PAY00496,O00496,Net Banking,16588.21
PAY00497,O00497,Card,8907.29
PAY00498,O00498,Net Banking,23438.23
PAY00499,O00499,Card,11738.92
PAY00500,O00500,Card,6332.18
PAY00501,O00501,Card,30156.25
PAY00502,O00502,COD,26856.94
PAY00503,O00503,UPI,23668.55
PAY00504,O00504,COD,17682.38
PAY00505,O00505,Card,5949.1
PAY00506,O00506,COD,2311.53
PAY00507,O00507,COD,17361.66
PAY00508,O00508,COD,11329.72
PAY00509,O00509,Card,4826.76
PAY00510,O00510,Card,7177.88
PAY00511,O00511,COD,36484.41
PAY00512,O00512,UPI,7013.34
PAY00513,O00513,UPI,7679.58
PAY00514,O00514,Card,3471.84
PAY00515,O00515,Card,27027.36
PAY00516,O00516,Card,16902.41
PAY00517,O00517,COD,16385.86
PAY00518,O00518,Card,8713.89
PAY00519,O00519,COD,27580.54
PAY00520,O00520,COD,33307.36
PAY00521,O00521,Net Banking,19156.35
PAY00522,O00522,COD,15306.78
PAY00523,O00523,Net Banking,24333.09
PAY00524,O00524,UPI,24813.17
PAY00525,O00525,Net Banking,11171.51
PAY00526,O00526,Net Banking,24691.24
PAY00527,O00527,UPI,32305.1
PAY00528,O00528,UPI,6665.15
PAY00529,O00529,COD,4866.1
PAY00530,O00530,COD,11932.6
PAY00531,O00531,COD,24728.68
PAY00532,O00532,UPI,29376.31
PAY00533,O00533,UPI,8536.65
PAY00534,O00534,COD,11822.26
PAY00535,O00535,UPI,3788.58
PAY00536,O00536,UPI,16420.74
PAY00537,O00537,COD,1536.21
PAY00538,O00538,UPI,21023.5
PAY00539,O00539,UPI,25392.13
PAY00540,O00540,COD,21662.7
PAY00541,O00541,Card,11302.22
PAY00542,O00542,Card,23065.19
PAY00543,O00543,Card,6184.77
PAY00544,O00544,UPI,4316.73
PAY00545,O00545,Card,10640.68
PAY00546,O00546,UPI,7746.48
PAY00547,O00547,UPI,10712.99
PAY00548,O00548,UPI,9176.15
PAY00549,O00549,Net Banking,5033.44
PAY00550,O00550,Card,3277.12
PAY00551,O00551,Card,2525.03
PAY00552,O00552,Card,3355.58
PAY00553,O00553,Net Banking,5889.14
PAY00554,O00554,Card,9444.33
PAY00555,O00555,Net Banking,5722.43
PAY00556,O00556,UPI,3863.5
PAY00557,O00557,Card,33706.65
PAY00558,O00558,Net Banking,5910.92
PAY00559,O00559,Net Banking,26372.28
PAY00560,O00560,COD,1978.47
PAY00561,O00561,COD,17733.68
PAY00562,O00562,UPI,3507.2
PAY00563,O00563,UPI,9936.74
PAY00564,O00564,UPI,6571.32
PAY00565,O00565,Card,3409.72
PAY00566,O00566,Net Banking,40875.34
PAY00567,O00567,Card,13415.94
PAY00568,O00568,UPI,9696.97
PAY00569,O00569,UPI,24836.87
PAY00570,O00570,UPI,14272.52
PAY00571,O00571,Card,9601.31
PAY00572,O00572,Net Banking,19603.73
PAY00573,O00573,Net Banking,12310.3
PAY00574,O00574,COD,14766.91
PAY00575,O00575,Card,19050.24
PAY00576,O00576,UPI,13357.5
PAY00577,O00577,Card,2802.83
PAY00578,O00578,UPI,18791.72
PAY00579,O00579,Card,10579.6
PAY00580,O00580,COD,4555.03
PAY00581,O00581,Card,9278.64
PAY00582,O00582,COD,12704.99
PAY00583,O00583,Card,10015.85
PAY00584,O00584,Card,6792.11
PAY00585,O00585,UPI,13376.08
PAY00586,O00586,Net Banking,1300.99
PAY00587,O00587,Net Banking,19918.66
PAY00588,O00588,Net Banking,20136.66
PAY00589,O00589,Card,7325.42
PAY00590,O00590,UPI,7715.65
PAY00591,O00591,UPI,16761.94
PAY00592,O00592,UPI,4661.95
PAY00593,O00593,Card,10071.41
PAY00594,O00594,UPI,2666.96
PAY00595,O00595,Net Banking,16160.24
PAY00596,O00596,Card,11284.05
PAY00597,O00597,Card,31983.86
PAY00598,O00598,COD,14566.01
PAY00599,O00599,Net Banking,6811.86
PAY00600,O00600,UPI,26273.59
PAY00601,O00601,Card,8884.7
PAY00602,O00602,Card,12170.63
PAY00603,O00603,COD,14035.54
PAY00604,O00604,UPI,11616.9
PAY00605,O00605,UPI,30005.9
PAY00606,O00606,UPI,10246.65
PAY00607,O00607,UPI,19239.54
PAY00608,O00608,Net Banking,7252.94
PAY00609,O00609,UPI,9175.28
PAY00610,O00610,UPI,14611.6
PAY00611,O00611,UPI,26596.25
PAY00612,O00612,Card,4703.73
PAY00613,O00613,Net Banking,5120.04
PAY00614,O00614,UPI,6090.62
PAY00615,O00615,Card,1415.5
PAY00616,O00616,UPI,21492.94
PAY00617,O00617,UPI,18031.39
PAY00618,O00618,COD,2198.3
PAY00619,O00619,Card,34586.09
PAY00620,O00620,UPI,6568.49
PAY00621,O00621,Net Banking,32402.88
PAY00622,O00622,UPI,3369.99
PAY00623,O00623,COD,16378.22
PAY00624,O00624,Net Banking,10524.82
PAY00625,O00625,Card,3095.05
PAY00626,O00626,UPI,10737.91
PAY00627,O00627,Card,6149.9
PAY00628,O00628,UPI,21028.15
PAY00629,O00629,Net Banking,13081.65
PAY00630,O00630,COD,24322.0
PAY00631,O00631,UPI,3748.11
PAY00632,O00632,Card,7045.6
PAY00633,O00633,UPI,28455.34
PAY00634,O00634,Card,16247.36
PAY00635,O00635,Net Banking,9370.28
PAY00636,O00636,UPI,10116.44
PAY00637,O00637,UPI,8331.44
PAY00638,O00638,Card,9945.38
PAY00639,O00639,Card,6695.16
PAY00640,O00640,COD,5621.81
PAY00641,O00641,UPI,3763.32
PAY00642,O00642,Net Banking,16919.45
PAY00643,O00643,UPI,28931.39
PAY00644,O00644,UPI,8514.09
PAY00645,O00645,Card,10266.1
PAY00646,O00646,Card,26562.34
PAY00647,O00647,UPI,9591.44
PAY00648,O00648,UPI,24207.49
PAY00649,O00649,COD,15496.73
PAY00650,O00650,COD,4454.13
PAY00651,O00651,Card,17130.46
PAY00652,O00652,UPI,19686.17
PAY00653,O00653,Card,13612.09
PAY00654,O00654,Card,4169.17
PAY00655,O00655,Card,16246.2
PAY00656,O00656,COD,4676.94
PAY00657,O00657,Card,15645.76
PAY00658,O00658,UPI,7680.06
PAY00659,O00659,Card,15051.24
PAY00660,O00660,Card,6571.32
PAY00661,O00661,UPI,2311.53
PAY00662,O00662,Card,16797.65
PAY00663,O00663,Card,4753.43
PAY00664,O00664,Card,17848.32
PAY00665,O00665,UPI,1242.9
PAY00666,O00666,Card,18370.32
PAY00667,O00667,COD,14773.58
PAY00668,O00668,Net Banking,12965.29
PAY00669,O00669,UPI,25049.1
PAY00670,O00670,COD,30592.05
PAY00671,O00671,UPI,17167.45
PAY00672,O00672,UPI,11874.92
PAY00673,O00673,UPI,14398.46
PAY00674,O00674,Card,10751.14
PAY00675,O00675,COD,21436.97
PAY00676,O00676,COD,5638.08
PAY00677,O00677,UPI,11464.9
PAY00678,O00678,Card,2217.41
PAY00679,O00679,UPI,9608.45
PAY00680,O00680,UPI,12433.21
PAY00681,O00681,UPI,21527.7
PAY00682,O00682,COD,28861.74
PAY00683,O00683,Card,2439.95
PAY00684,O00684,UPI,19586.57
PAY00685,O00685,UPI,11832.12
PAY00686,O00686,UPI,1315.68
PAY00687,O00687,UPI,6743.64
PAY00688,O00688,UPI,17791.7
PAY00689,O00689,UPI,11427.9
PAY00690,O00690,Card,10514.72
PAY00691,O00691,Net Banking,14530.93
PAY00692,O00692,UPI,13347.17
PAY00693,O00693,Card,2522.3
PAY00694,O00694,UPI,18493.02
PAY00695,O00695,UPI,19914.25
PAY00696,O00696,UPI,21139.32
PAY00697,O00697,Card,9453.45
PAY00698,O00698,UPI,7146.56
PAY00699,O00699,COD,24415.63
PAY00700,O00700,Card,9382.72
PAY00701,O00701,UPI,10551.28
PAY00702,O00702,Net Banking,3666.96
PAY00703,O00703,Card,8020.53
PAY00704,O00704,COD,14480.28
PAY00705,O00705,COD,9662.94
PAY00706,O00706,Card,5136.74
PAY00707,O00707,UPI,3563.3
PAY00708,O00708,Net Banking,20688.18
PAY00709,O00709,COD,20258.03
PAY00710,O00710,COD,24837.43
PAY00711,O00711,UPI,12742.19
PAY00712,O00712,COD,18735.31
PAY00713,O00713,UPI,31706.61
PAY00714,O00714,UPI,15354.98
PAY00715,O00715,Card,22029.34
PAY00716,O00716,UPI,23741.78
PAY00717,O00717,UPI,11988.9
PAY00718,O00718,Net Banking,16940.65
PAY00719,O00719,Card,34121.73
PAY00720,O00720,UPI,15872.24
PAY00721,O00721,Card,17670.1
PAY00722,O00722,COD,18323.57
PAY00723,O00723,COD,11553.39
PAY00724,O00724,COD,4931.02
PAY00725,O00725,UPI,13477.78
PAY00726,O00726,COD,22377.89
PAY00727,O00727,Card,14859.95
PAY00728,O00728,COD,3361.8
PAY00729,O00729,UPI,14186.01
PAY00730,O00730,Card,4375.66
PAY00731,O00731,Card,7493.72
PAY00732,O00732,COD,6164.09
PAY00733,O00733,COD,2054.59
PAY00734,O00734,Card,21711.92
PAY00735,O00735,Card,26830.39
PAY00736,O00736,Card,1930.03
PAY00737,O00737,Card,8372.5
PAY00738,O00738,COD,22415.01
PAY00739,O00739,UPI,17731.07
PAY00740,O00740,UPI,20272.1
PAY00741,O00741,Net Banking,9175.8
PAY00742,O00742,Net Banking,12507.8
PAY00743,O00743,COD,8992.39
PAY00744,O00744,UPI,3951.74
PAY00745,O00745,UPI,11374.27
PAY00746,O00746,Card,3009.37
PAY00747,O00747,UPI,19536.19
PAY00748,O00748,COD,6084.45
PAY00749,O00749,UPI,26197.94
PAY00750,O00750,UPI,1722.01
PAY00751,O00751,Card,24183.08
PAY00752,O00752,UPI,2717.22
PAY00753,O00753,UPI,25752.95
PAY00754,O00754,UPI,23736.23
PAY00755,O00755,Card,11058.57
PAY00756,O00756,COD,6777.58
PAY00757,O00757,UPI,21188.62
PAY00758,O00758,COD,11515.1
PAY00759,O00759,UPI,4346.43
PAY00760,O00760,UPI,26288.54
PAY00761,O00761,COD,9651.88
PAY00762,O00762,UPI,10824.9
PAY00763,O00763,UPI,15539.9
PAY00764,O00764,UPI,9145.55
PAY00765,O00765,UPI,14313.14
PAY00766,O00766,COD,11947.11
PAY00767,O00767,UPI,25957.91
PAY00768,O00768,Net Banking,18608.97
PAY00769,O00769,UPI,7490.43
PAY00770,O00770,UPI,12378.13
PAY00771,O00771,Card,2345.79
PAY00772,O00772,UPI,28422.11
PAY00773,O00773,Net Banking,28510.25
PAY00774,O00774,Card,10494.1
PAY00775,O00775,Card,8599.77
PAY00776,O00776,Card,21705.56
PAY00777,O00777,Card,11124.38
PAY00778,O00778,UPI,13527.23
PAY00779,O00779,Card,19259.55
PAY00780,O00780,UPI,26684.47
PAY00781,O00781,COD,21063.84
PAY00782,O00782,COD,6004.12
PAY00783,O00783,UPI,23129.52
PAY00784,O00784,UPI,10099.31
PAY00785,O00785,Net Banking,6655.82
PAY00786,O00786,UPI,8741.16
PAY00787,O00787,COD,15327.3
PAY00788,O00788,COD,10613.51
PAY00789,O00789,UPI,13484.09
PAY00790,O00790,Card,16906.82
PAY00791,O00791,COD,4275.03
PAY00792,O00792,Card,18129.82
PAY00793,O00793,Net Banking,16643.98
PAY00794,O00794,UPI,25014.24
PAY00795,O00795,UPI,8211.46
PAY00796,O00796,COD,7871.91
PAY00797,O00797,Card,7673.81
PAY00798,O00798,UPI,16733.68
PAY00799,O00799,Card,356.2
PAY00800,O00800,UPI,31485.54
PAY00801,O00801,UPI,6569.86
PAY00802,O00802,COD,24323.54
PAY00803,O00803,COD,9968.17
PAY00804,O00804,Card,1044.19
PAY00805,O00805,COD,9026.75
PAY00806,O00806,UPI,18500.62
PAY00807,O00807,Card,15151.85
PAY00808,O00808,Card,10319.81
PAY00809,O00809,Card,4173.27
PAY00810,O00810,Net Banking,2476.11
PAY00811,O00811,COD,14544.36
PAY00812,O00812,Net Banking,4456.1
PAY00813,O00813,UPI,13604.38
PAY00814,O00814,Card,6834.45
PAY00815,O00815,COD,8583.28
PAY00816,O00816,Net Banking,4992.54
PAY00817,O00817,COD,3706.14
PAY00818,O00818,Net Banking,10578.65
PAY00819,O00819,Card,19837.23
PAY00820,O00820,UPI,5580.7
PAY00821,O00821,UPI,9278.64
PAY00822,O00822,Card,18276.06
PAY00823,O00823,Card,9280.83
PAY00824,O00824,Card,5606.44
PAY00825,O00825,Card,11303.78
PAY00826,O00826,COD,2406.47
PAY00827,O00827,UPI,11175.98
PAY00828,O00828,COD,11363.39
PAY00829,O00829,COD,5388.42
PAY00830,O00830,UPI,14651.36
PAY00831,O00831,UPI,810.78
PAY00832,O00832,Card,15018.67
PAY00833,O00833,UPI,22424.47
PAY00834,O00834,COD,10503.75
PAY00835,O00835,Card,4706.4
PAY00836,O00836,Net Banking,2768.03
PAY00837,O00837,Card,7683.86
PAY00838,O00838,UPI,7288.44
PAY00839,O00839,UPI,9495.38
PAY00840,O00840,Net Banking,2498.52
PAY00841,O00841,COD,13119.7
PAY00842,O00842,UPI,23499.14
PAY00843,O00843,Card,24805.4
PAY00844,O00844,Card,21111.38
PAY00845,O00845,COD,8315.46
PAY00846,O00846,UPI,3099.62
PAY00847,O00847,UPI,3430.03
PAY00848,O00848,UPI,23204.67
PAY00849,O00849,UPI,14255.5
PAY00850,O00850,COD,2453.35
PAY00851,O00851,UPI,16924.19
PAY00852,O00852,Card,11428.81
PAY00853,O00853,Net Banking,17550.29
PAY00854,O00854,COD,13404.61
PAY00855,O00855,Card,26396.49
PAY00856,O00856,UPI,7957.3
PAY00857,O00857,UPI,11071.8
PAY00858,O00858,COD,13710.6
PAY00859,O00859,Card,12956.36
PAY00860,O00860,COD,6059.2
PAY00861,O00861,COD,20220.26
PAY00862,O00862,Card,2746.84
PAY00863,O00863,UPI,2459.22
PAY00864,O00864,COD,9067.65
PAY00865,O00865,Card,8012.01
PAY00866,O00866,UPI,13165.88
PAY00867,O00867,COD,19271.79
PAY00868,O00868,Card,2687.65
PAY00869,O00869,UPI,16770.98
PAY00870,O00870,UPI,1547.86
PAY00871,O00871,UPI,29636.98
PAY00872,O00872,COD,12689.62
PAY00873,O00873,UPI,3120.96
PAY00874,O00874,UPI,9618.42
PAY00875,O00875,Card,8464.77
PAY00876,O00876,UPI,15944.06
PAY00877,O00877,UPI,32190.75
PAY00878,O00878,Card,9576.41
PAY00879,O00879,UPI,12497.16
PAY00880,O00880,UPI,4052.56
PAY00881,O00881,UPI,34203.43
PAY00882,O00882,Card,15326.31
PAY00883,O00883,UPI,14820.71
PAY00884,O00884,UPI,4386.69
PAY00885,O00885,Card,13552.21
PAY00886,O00886,UPI,13733.24
PAY00887,O00887,UPI,13413.19
PAY00888,O00888,UPI,14162.61
PAY00889,O00889,UPI,4745.33
PAY00890,O00890,Card,16815.18
PAY00891,O00891,Card,4510.45
PAY00892,O00892,UPI,11481.12
PAY00893,O00893,Card,2844.29
PAY00894,O00894,Card,6733.42
PAY00895,O00895,UPI,10687.06
PAY00896,O00896,Card,16929.93
PAY00897,O00897,Card,17408.85
PAY00898,O00898,UPI,35598.98
PAY00899,O00899,Card,8489.14
PAY00900,O00900,UPI,19840.18
PAY00901,O00901,COD,16667.67
PAY00902,O00902,COD,12189.19
PAY00903,O00903,Net Banking,9548.3
PAY00904,O00904,COD,11143.35
PAY00905,O00905,Card,13978.08
PAY00906,O00906,Net Banking,12191.22
PAY00907,O00907,Card,22713.06
PAY00908,O00908,UPI,38256.96
PAY00909,O00909,COD,15681.14
PAY00910,O00910,Card,5492.38
PAY00911,O00911,UPI,2913.72
PAY00912,O00912,COD,15746.61
PAY00913,O00913,Card,10516.69
PAY00914,O00914,UPI,1226.67
PAY00915,O00915,Net Banking,15137.96
PAY00916,O00916,UPI,27193.47
PAY00917,O00917,COD,3409.72
PAY00918,O00918,UPI,1224.46
PAY00919,O00919,Net Banking,18991.74
PAY00920,O00920,COD,4528.89
PAY00921,O00921,UPI,2522.3
PAY00922,O00922,COD,14059.92
PAY00923,O00923,UPI,6755.98
PAY00924,O00924,UPI,21326.66
PAY00925,O00925,COD,12526.6
PAY00926,O00926,UPI,24566.3
PAY00927,O00927,Card,9763.16
PAY00928,O00928,Card,9882.98
PAY00929,O00929,Card,7728.69
PAY00930,O00930,COD,4826.76
PAY00931,O00931,Card,7010.36
PAY00932,O00932,Net Banking,24472.18
PAY00933,O00933,Card,4622.64
PAY00934,O00934,UPI,2313.13
PAY00935,O00935,Net Banking,17305.99
PAY00936,O00936,Card,6454.05
PAY00937,O00937,Card,14525.51
PAY00938,O00938,COD,12204.03
PAY00939,O00939,Net Banking,20552.08
PAY00940,O00940,COD,22031.41
PAY00941,O00941,COD,6422.31
PAY00942,O00942,UPI,12103.4
PAY00943,O00943,UPI,18417.97
PAY00944,O00944,UPI,1226.67
PAY00945,O00945,UPI,27096.9
PAY00946,O00946,COD,15307.61
PAY00947,O00947,UPI,30440.46
PAY00948,O00948,UPI,316.62
PAY00949,O00949,COD,15426.08
PAY00950,O00950,UPI,18087.55
PAY00951,O00951,UPI,7279.46
PAY00952,O00952,Card,19214.61
PAY00953,O00953,Net Banking,31722.98
PAY00954,O00954,COD,27928.99
PAY00955,O00955,UPI,11375.03
PAY00956,O00956,UPI,23460.1
PAY00957,O00957,COD,1463.71
PAY00958,O00958,Card,17719.0
PAY00959,O00959,Card,18163.9
PAY00960,O00960,Card,16081.99
PAY00961,O00961,UPI,21188.01
PAY00962,O00962,COD,18357.16
PAY00963,O00963,Card,11370.12
PAY00964,O00964,COD,3544.03
PAY00965,O00965,UPI,27672.09
PAY00966,O00966,Card,5654.67
PAY00967,O00967,COD,18379.74
PAY00968,O00968,UPI,12185.97
PAY00969,O00969,Card,2746.25
PAY00970,O00970,Card,9796.43
PAY00971,O00971,UPI,7488.86
PAY00972,O00972,Net Banking,18162.99
PAY00973,O00973,Card,13427.27
PAY00974,O00974,COD,15171.77
PAY00975,O00975,COD,6631.56
PAY00976,O00976,Net Banking,23528.13
PAY00977,O00977,UPI,22069.73
PAY00978,O00978,UPI,10314.91
PAY00979,O00979,UPI,20153.25
PAY00980,O00980,COD,50208.9
PAY00981,O00981,UPI,14789.73
PAY00982,O00982,COD,10948.86
PAY00983,O00983,COD,10093.98
PAY00984,O00984,Net Banking,2498.52
PAY00985,O00985,UPI,9408.48
PAY00986,O00986,UPI,8797.74
PAY00987,O00987,UPI,16881.39
PAY00988,O00988,Card,8772.3
PAY00989,O00989,UPI,19050.66
PAY00990,O00990,Card,23876.7
PAY00991,O00991,COD,2548.03
PAY00992,O00992,UPI,6507.79
PAY00993,O00993,Card,12365.42
PAY00994,O00994,UPI,17582.31
PAY00995,O00995,Card,11206.38
PAY00996,O00996,COD,15033.37
PAY00997,O00997,UPI,5245.23
PAY00998,O00998,Card,6163.77
PAY00999,O00999,Net Banking,12603.67
PAY01000,O01000,Net Banking,20410.62
PAY01001,O01001,UPI,6969.96
PAY01002,O01002,Net Banking,12901.77
PAY01003,O01003,COD,23150.15
PAY01004,O01004,UPI,2951.22
PAY01005,O01005,UPI,23477.73
PAY01006,O01006,UPI,21003.61
PAY01007,O01007,UPI,1582.4
PAY01008,O01008,COD,13605.88
PAY01009,O01009,Card,4751.64
PAY01010,O01010,UPI,14497.78
PAY01011,O01011,UPI,4180.4
PAY01012,O01012,Card,28356.49
PAY01013,O01013,UPI,35387.29
PAY01014,O01014,UPI,38121.86
PAY01015,O01015,UPI,11585.11
PAY01016,O01016,COD,22288.35
PAY01017,O01017,UPI,21733.33
PAY01018,O01018,UPI,6510.14
PAY01019,O01019,Card,6992.93
PAY01020,O01020,UPI,10455.52
PAY01021,O01021,Card,14123.42
PAY01022,O01022,UPI,2903.22
PAY01023,O01023,UPI,13990.7
PAY01024,O01024,Card,26213.86
PAY01025,O01025,UPI,8291.42
PAY01026,O01026,UPI,8238.76
PAY01027,O01027,COD,2692.6
PAY01028,O01028,UPI,20859.74
PAY01029,O01029,COD,9771.42
PAY01030,O01030,Card,13552.42
PAY01031,O01031,UPI,11807.16
PAY01032,O01032,UPI,12308.24
PAY01033,O01033,UPI,17365.05
PAY01034,O01034,COD,4488.94
PAY01035,O01035,Net Banking,10503.18
PAY01036,O01036,UPI,2417.65
PAY01037,O01037,COD,31157.71
PAY01038,O01038,UPI,6450.36
PAY01039,O01039,Card,17767.72
PAY01040,O01040,UPI,6534.8
PAY01041,O01041,Card,14771.07
PAY01042,O01042,Card,14647.73
PAY01043,O01043,Card,20990.95
PAY01044,O01044,COD,4991.87
PAY01045,O01045,COD,3823.27
PAY01046,O01046,Net Banking,15379.5
PAY01047,O01047,COD,11063.95
PAY01048,O01048,COD,13627.05
PAY01049,O01049,UPI,13228.67
PAY01050,O01050,COD,3095.05
PAY01051,O01051,Card,6680.56
PAY01052,O01052,Card,9816.39
PAY01053,O01053,COD,15296.81
PAY01054,O01054,UPI,12181.94
PAY01055,O01055,UPI,11916.66
PAY01056,O01056,Card,29150.48
PAY01057,O01057,UPI,19580.38
PAY01058,O01058,COD,12547.7
PAY01059,O01059,UPI,7760.04
PAY01060,O01060,Net Banking,4073.16
PAY01061,O01061,UPI,17464.24
PAY01062,O01062,COD,3391.07
PAY01063,O01063,COD,3277.12
PAY01064,O01064,UPI,21598.24
PAY01065,O01065,Net Banking,33093.16
PAY01066,O01066,UPI,7208.72
PAY01067,O01067,COD,5688.58
PAY01068,O01068,Card,14336.17
PAY01069,O01069,UPI,21470.8
PAY01070,O01070,COD,2967.41
PAY01071,O01071,COD,29640.34
PAY01072,O01072,UPI,2665.31
PAY01073,O01073,UPI,15478.11
PAY01074,O01074,UPI,21108.9
PAY01075,O01075,COD,3412.42
PAY01076,O01076,UPI,3198.82
PAY01077,O01077,Card,4216.63
PAY01078,O01078,COD,1090.38
PAY01079,O01079,UPI,9321.64
PAY01080,O01080,UPI,23780.38
PAY01081,O01081,UPI,3746.83
PAY01082,O01082,Net Banking,21283.05
PAY01083,O01083,COD,9662.94
PAY01084,O01084,COD,26500.99
PAY01085,O01085,COD,19623.52
PAY01086,O01086,Net Banking,27969.39
PAY01087,O01087,Card,4035.66
PAY01088,O01088,COD,25621.8
PAY01089,O01089,UPI,7124.0
PAY01090,O01090,Card,23043.11
PAY01091,O01091,COD,15454.25
PAY01092,O01092,UPI,5637.1
PAY01093,O01093,Card,14115.25
PAY01094,O01094,Card,21988.94
PAY01095,O01095,Card,15843.56
PAY01096,O01096,COD,19006.83
PAY01097,O01097,COD,1951.49
PAY01098,O01098,UPI,14505.58
PAY01099,O01099,Card,18485.35
PAY01100,O01100,UPI,5910.92
PAY01101,O01101,UPI,14965.83
PAY01102,O01102,UPI,18167.61
PAY01103,O01103,UPI,24994.78
PAY01104,O01104,COD,9856.9
PAY01105,O01105,UPI,21144.82
PAY01106,O01106,Card,5146.18
PAY01107,O01107,Net Banking,12121.18
PAY01108,O01108,Card,16382.35
PAY01109,O01109,UPI,2009.58
PAY01110,O01110,UPI,24787.31
PAY01111,O01111,COD,13942.04
PAY01112,O01112,Card,12077.18
PAY01113,O01113,UPI,13516.01
PAY01114,O01114,Net Banking,15582.24
PAY01115,O01115,UPI,13535.49
PAY01116,O01116,COD,17671.13
PAY01117,O01117,Card,35884.67
PAY01118,O01118,UPI,15494.98
PAY01119,O01119,Card,3663.95
PAY01120,O01120,UPI,7344.41
PAY01121,O01121,UPI,21062.74
PAY01122,O01122,Card,8373.55
PAY01123,O01123,UPI,5713.9
PAY01124,O01124,Card,3746.83
PAY01125,O01125,Card,11233.29
PAY01126,O01126,UPI,19682.18
PAY01127,O01127,UPI,9922.39
PAY01128,O01128,UPI,923.92
PAY01129,O01129,UPI,2088.39
PAY01130,O01130,UPI,9885.48
PAY01131,O01131,UPI,2608.94
PAY01132,O01132,Card,3948.02
PAY01133,O01133,UPI,2508.88
PAY01134,O01134,UPI,12358.92
PAY01135,O01135,Card,7122.78
PAY01136,O01136,COD,14983.92
PAY01137,O01137,Card,20636.42
PAY01138,O01138,Net Banking,17983.8
PAY01139,O01139,COD,12011.9
PAY01140,O01140,COD,15551.79
PAY01141,O01141,UPI,11520.91
PAY01142,O01142,UPI,16620.65
PAY01143,O01143,Card,18629.97
PAY01144,O01144,Card,6736.86
PAY01145,O01145,UPI,16311.7
PAY01146,O01146,UPI,15775.76
PAY01147,O01147,Card,12444.07
PAY01148,O01148,Net Banking,19781.78
PAY01149,O01149,UPI,3120.96
PAY01150,O01150,Card,1950.6
PAY01151,O01151,Card,19644.48
PAY01152,O01152,COD,20544.19
PAY01153,O01153,Card,11270.68
PAY01154,O01154,COD,2471.62
PAY01155,O01155,UPI,27619.83
PAY01156,O01156,Card,12494.4
PAY01157,O01157,COD,7200.05
PAY01158,O01158,Card,8319.78
PAY01159,O01159,UPI,8625.52
PAY01160,O01160,UPI,13275.22
PAY01161,O01161,UPI,22785.61
PAY01162,O01162,Net Banking,8095.96
PAY01163,O01163,Card,14488.11
PAY01164,O01164,Card,19011.85
PAY01165,O01165,UPI,21744.75
PAY01166,O01166,Card,7892.08
PAY01167,O01167,UPI,27261.93
PAY01168,O01168,Card,5119.72
PAY01169,O01169,COD,8678.66
PAY01170,O01170,Net Banking,13149.32
PAY01171,O01171,Net Banking,10868.22
PAY01172,O01172,Card,3563.3
PAY01173,O01173,COD,10568.48
PAY01174,O01174,UPI,5118.66
PAY01175,O01175,Card,8458.37
PAY01176,O01176,Card,21866.07
PAY01177,O01177,UPI,7381.88
PAY01178,O01178,Card,13472.53
PAY01179,O01179,UPI,3030.86
PAY01180,O01180,Card,14349.88
PAY01181,O01181,UPI,1680.9
PAY01182,O01182,Card,20492.41
PAY01183,O01183,UPI,25304.55
PAY01184,O01184,Card,22368.4
PAY01185,O01185,Card,14065.07
PAY01186,O01186,Card,1665.68
PAY01187,O01187,COD,8572.48
PAY01188,O01188,Card,17736.76
PAY01189,O01189,Card,17137.86
PAY01190,O01190,COD,6572.59
PAY01191,O01191,UPI,16269.5
PAY01192,O01192,UPI,13633.42
PAY01193,O01193,Net Banking,16306.59
PAY01194,O01194,Net Banking,3948.02
PAY01195,O01195,UPI,3728.69
PAY01196,O01196,UPI,10213.5
PAY01197,O01197,Card,11939.98
PAY01198,O01198,Card,11353.88
PAY01199,O01199,COD,20833.16
PAY01200,O01200,UPI,1504.69
PAY01201,O01201,UPI,4454.13
PAY01202,O01202,Card,8079.62
PAY01203,O01203,UPI,15085.94
PAY01204,O01204,Card,21290.53
PAY01205,O01205,COD,7903.79
PAY01206,O01206,UPI,14199.51
PAY01207,O01207,Card,4051.61
PAY01208,O01208,COD,23797.47
PAY01209,O01209,UPI,13524.88
PAY01210,O01210,Net Banking,15364.91
PAY01211,O01211,UPI,22713.67
PAY01212,O01212,Card,14447.41
PAY01213,O01213,Card,9268.91
PAY01214,O01214,Net Banking,8268.95
PAY01215,O01215,Card,1811.03
PAY01216,O01216,Card,7594.77
PAY01217,O01217,Card,2548.03
PAY01218,O01218,UPI,13693.63
PAY01219,O01219,UPI,6713.65
PAY01220,O01220,Net Banking,4231.42
PAY01221,O01221,UPI,14166.65
PAY01222,O01222,COD,13236.64
PAY01223,O01223,UPI,4731.26
PAY01224,O01224,Net Banking,4323.07
PAY01225,O01225,UPI,13448.03
PAY01226,O01226,Net Banking,12684.45
PAY01227,O01227,COD,9218.27
PAY01228,O01228,COD,24810.47
PAY01229,O01229,COD,3625.12
PAY01230,O01230,UPI,16078.8
PAY01231,O01231,Card,19061.66
PAY01232,O01232,Card,10533.08
PAY01233,O01233,COD,18363.5
PAY01234,O01234,Card,14035.17
PAY01235,O01235,UPI,28257.81
PAY01236,O01236,UPI,9446.42
PAY01237,O01237,UPI,9972.44
PAY01238,O01238,Card,29290.88
PAY01239,O01239,Net Banking,15006.58
PAY01240,O01240,Net Banking,15836.87
PAY01241,O01241,Card,10382.62
PAY01242,O01242,COD,4987.54
PAY01243,O01243,UPI,9067.1
PAY01244,O01244,Card,21477.28
PAY01245,O01245,Card,21650.34
PAY01246,O01246,UPI,11515.3
PAY01247,O01247,Card,3297.45
PAY01248,O01248,UPI,9000.06
PAY01249,O01249,Net Banking,3198.82
PAY01250,O01250,Card,28339.37
PAY01251,O01251,Card,853.45
PAY01252,O01252,Card,10437.54
PAY01253,O01253,COD,1362.97
PAY01254,O01254,COD,12972.1
PAY01255,O01255,UPI,11548.85
PAY01256,O01256,Card,11891.45
PAY01257,O01257,COD,11237.23
PAY01258,O01258,UPI,23819.09
PAY01259,O01259,Net Banking,13673.5
PAY01260,O01260,Net Banking,17095.0
PAY01261,O01261,UPI,15701.3
PAY01262,O01262,UPI,14441.02
PAY01263,O01263,UPI,15338.26
PAY01264,O01264,COD,23478.07
PAY01265,O01265,COD,15861.16
PAY01266,O01266,Card,9653.52
PAY01267,O01267,COD,6524.14
PAY01268,O01268,Card,23568.76
PAY01269,O01269,UPI,336.41
PAY01270,O01270,Card,19624.63
PAY01271,O01271,Card,13859.27
PAY01272,O01272,Card,9886.61
PAY01273,O01273,UPI,6287.08
PAY01274,O01274,UPI,5910.92
PAY01275,O01275,COD,9870.8
PAY01276,O01276,Card,23489.46
PAY01277,O01277,Card,34301.81
PAY01278,O01278,UPI,5559.21
PAY01279,O01279,UPI,32637.61
PAY01280,O01280,COD,6073.41
PAY01281,O01281,UPI,16453.53
PAY01282,O01282,Card,13542.13
PAY01283,O01283,Card,13673.27
PAY01284,O01284,UPI,14470.42
PAY01285,O01285,UPI,2568.37
PAY01286,O01286,Card,12634.7
PAY01287,O01287,UPI,3987.66
PAY01288,O01288,Card,738.49
PAY01289,O01289,Net Banking,832.84
PAY01290,O01290,Card,12274.78
PAY01291,O01291,COD,24589.05
PAY01292,O01292,UPI,12519.81
PAY01293,O01293,COD,15765.09
PAY01294,O01294,Net Banking,17372.7
PAY01295,O01295,COD,9885.29
PAY01296,O01296,Net Banking,12794.55
PAY01297,O01297,COD,18113.37
PAY01298,O01298,COD,5817.12
PAY01299,O01299,Card,7741.36
PAY01300,O01300,UPI,8536.3
PAY01301,O01301,UPI,8215.5
PAY01302,O01302,UPI,13936.19
PAY01303,O01303,COD,25853.68
PAY01304,O01304,UPI,13774.55
PAY01305,O01305,UPI,3794.67
PAY01306,O01306,UPI,14308.82
PAY01307,O01307,COD,12308.24
PAY01308,O01308,UPI,25310.89
PAY01309,O01309,COD,14312.2
PAY01310,O01310,UPI,8038.29
PAY01311,O01311,UPI,11860.91
PAY01312,O01312,COD,18505.66
PAY01313,O01313,Card,14393.9
PAY01314,O01314,UPI,9528.68
PAY01315,O01315,COD,10304.84
PAY01316,O01316,COD,6714.66
PAY01317,O01317,UPI,7929.21
PAY01318,O01318,Net Banking,31201.66
PAY01319,O01319,COD,3091.17
PAY01320,O01320,Card,9378.81
PAY01321,O01321,UPI,1143.34
PAY01322,O01322,UPI,1429.18
PAY01323,O01323,UPI,6744.26
PAY01324,O01324,Card,5404.52
PAY01325,O01325,UPI,12817.43
PAY01326,O01326,UPI,1950.6
PAY01327,O01327,Card,14471.72
PAY01328,O01328,COD,30039.67
PAY01329,O01329,Card,10771.94
PAY01330,O01330,UPI,22019.92
PAY01331,O01331,Card,6002.19
PAY01332,O01332,UPI,12670.29
PAY01333,O01333,UPI,18239.3
PAY01334,O01334,Card,7006.4
PAY01335,O01335,UPI,21666.23
PAY01336,O01336,Net Banking,8329.6
PAY01337,O01337,UPI,8344.78
PAY01338,O01338,COD,1263.86
PAY01339,O01339,COD,11962.59
PAY01340,O01340,COD,5279.54
PAY01341,O01341,Net Banking,17096.59
PAY01342,O01342,UPI,1137.47
PAY01343,O01343,UPI,14665.58
PAY01344,O01344,Net Banking,13146.47
PAY01345,O01345,Card,16518.46
PAY01346,O01346,UPI,16269.32
PAY01347,O01347,COD,11909.68
PAY01348,O01348,Card,395.78
PAY01349,O01349,Card,5949.1
PAY01350,O01350,COD,30021.22
PAY01351,O01351,Card,14374.56
PAY01352,O01352,COD,27055.93
PAY01353,O01353,Card,11427.49
PAY01354,O01354,Card,12889.42
PAY01355,O01355,UPI,19739.92
PAY01356,O01356,UPI,17445.61
PAY01357,O01357,COD,28053.12
PAY01358,O01358,COD,3452.69
PAY01359,O01359,Card,9745.4
PAY01360,O01360,COD,11515.1
PAY01361,O01361,UPI,21191.17
PAY01362,O01362,UPI,17156.17
PAY01363,O01363,Net Banking,10793.03
PAY01364,O01364,UPI,2043.56
PAY01365,O01365,UPI,1214.8
PAY01366,O01366,UPI,21511.27
PAY01367,O01367,Card,28495.24
PAY01368,O01368,UPI,12362.71
PAY01369,O01369,COD,3306.95
PAY01370,O01370,COD,14973.21
PAY01371,O01371,Card,21727.28
PAY01372,O01372,UPI,12042.18
PAY01373,O01373,UPI,7701.94
PAY01374,O01374,UPI,2976.26
PAY01375,O01375,UPI,4671.23
PAY01376,O01376,UPI,9439.2
PAY01377,O01377,Card,12650.74
PAY01378,O01378,Card,16530.11
PAY01379,O01379,UPI,15816.45
PAY01380,O01380,UPI,2916.42
PAY01381,O01381,Card,23051.33
PAY01382,O01382,UPI,14732.49
PAY01383,O01383,COD,11353.88
PAY01384,O01384,UPI,2631.36
PAY01385,O01385,UPI,33968.38
PAY01386,O01386,COD,4052.56
PAY01387,O01387,COD,1267.1
PAY01388,O01388,Card,4831.47
PAY01389,O01389,UPI,14613.75
PAY01390,O01390,Card,30642.56
PAY01391,O01391,COD,9697.8
PAY01392,O01392,UPI,30560.55
PAY01393,O01393,Card,20645.72
PAY01394,O01394,UPI,18843.7
PAY01395,O01395,Card,32152.68
PAY01396,O01396,COD,7569.25
PAY01397,O01397,Card,11608.23
PAY01398,O01398,UPI,15844.25
PAY01399,O01399,COD,10361.74
PAY01400,O01400,Card,12046.45
PAY01401,O01401,COD,9000.06
PAY01402,O01402,UPI,20909.94
PAY01403,O01403,Net Banking,22798.88
PAY01404,O01404,UPI,8014.5
PAY01405,O01405,Card,33497.98
PAY01406,O01406,UPI,6375.08
PAY01407,O01407,UPI,8862.39
PAY01408,O01408,Card,4391.13
PAY01409,O01409,UPI,16025.61
PAY01410,O01410,UPI,6513.19
PAY01411,O01411,Net Banking,6691.06
PAY01412,O01412,UPI,14529.41
PAY01413,O01413,UPI,18476.01
PAY01414,O01414,COD,11871.06
PAY01415,O01415,COD,6653.99
PAY01416,O01416,COD,4468.83
PAY01417,O01417,UPI,4384.49
PAY01418,O01418,Card,16564.43
PAY01419,O01419,COD,16144.94
PAY01420,O01420,Card,13017.58
PAY01421,O01421,Card,7295.4
PAY01422,O01422,COD,2270.62
PAY01423,O01423,UPI,14488.11
PAY01424,O01424,Net Banking,21174.08
PAY01425,O01425,COD,20204.92
PAY01426,O01426,UPI,1429.18
PAY01427,O01427,Card,9276.77
PAY01428,O01428,Card,9386.84
PAY01429,O01429,UPI,17182.1
PAY01430,O01430,Card,28725.33
PAY01431,O01431,COD,14237.49
PAY01432,O01432,UPI,28554.31
PAY01433,O01433,Card,22020.86
PAY01434,O01434,COD,1746.4
PAY01435,O01435,Card,12157.68
PAY01436,O01436,UPI,13740.9
PAY01437,O01437,UPI,18458.93
PAY01438,O01438,COD,5921.49
PAY01439,O01439,COD,14193.78
PAY01440,O01440,UPI,1907.48
PAY01441,O01441,Card,7430.5
PAY01442,O01442,Net Banking,19922.38
PAY01443,O01443,Card,17794.92
PAY01444,O01444,UPI,6208.99
PAY01445,O01445,UPI,24573.6
PAY01446,O01446,UPI,10085.38
PAY01447,O01447,UPI,24419.34
PAY01448,O01448,UPI,4342.28
PAY01449,O01449,COD,13606.64
PAY01450,O01450,UPI,16670.4
PAY01451,O01451,Net Banking,19971.22
PAY01452,O01452,Card,15972.6
PAY01453,O01453,UPI,18201.71
PAY01454,O01454,Card,14055.42
PAY01455,O01455,COD,19147.92
PAY01456,O01456,Net Banking,11986.44
PAY01457,O01457,UPI,12501.31
PAY01458,O01458,UPI,25795.91
PAY01459,O01459,UPI,1377.61
PAY01460,O01460,UPI,29587.68
PAY01461,O01461,Card,15030.42
PAY01462,O01462,Card,12909.16
PAY01463,O01463,Card,25052.29
PAY01464,O01464,UPI,6948.32
PAY01465,O01465,UPI,14466.84
PAY01466,O01466,COD,15023.53
PAY01467,O01467,Card,10279.66
PAY01468,O01468,UPI,5994.93
PAY01469,O01469,UPI,1650.74
PAY01470,O01470,UPI,9970.85
PAY01471,O01471,UPI,8908.26
PAY01472,O01472,UPI,5075.04
PAY01473,O01473,UPI,12503.72
PAY01474,O01474,Card,17867.27
PAY01475,O01475,COD,31314.78
PAY01476,O01476,Card,20221.79
PAY01477,O01477,UPI,21196.27
PAY01478,O01478,UPI,19576.63
PAY01479,O01479,UPI,2527.72
PAY01480,O01480,Card,16957.25
PAY01481,O01481,COD,25647.4
PAY01482,O01482,UPI,10868.61
PAY01483,O01483,Card,5105.26
PAY01484,O01484,Net Banking,19872.82
PAY01485,O01485,Card,40136.98
PAY01486,O01486,Card,7055.59
PAY01487,O01487,COD,17546.69
PAY01488,O01488,Card,20313.4
PAY01489,O01489,Net Banking,9954.54
PAY01490,O01490,Card,6381.83
PAY01491,O01491,COD,6749.57
PAY01492,O01492,Net Banking,15451.81
PAY01493,O01493,Card,356.2
PAY01494,O01494,Card,19712.22
PAY01495,O01495,UPI,2013.42
PAY01496,O01496,UPI,6999.05
PAY01497,O01497,Card,19583.82
PAY01498,O01498,Card,16789.67
PAY01499,O01499,UPI,12958.9
PAY01500,O01500,COD,17706.53
PAY01501,O01501,Card,868.81
PAY01502,O01502,COD,13034.86
PAY01503,O01503,UPI,9762.54
PAY01504,O01504,COD,8105.12
PAY01505,O01505,UPI,23516.98
PAY01506,O01506,COD,12418.15
PAY01507,O01507,Card,13577.09
PAY01508,O01508,Net Banking,13954.87
PAY01509,O01509,Net Banking,5386.69
PAY01510,O01510,Card,3397.37
PAY01511,O01511,COD,4777.81
PAY01512,O01512,Card,25909.43
PAY01513,O01513,COD,5503.62
PAY01514,O01514,Net Banking,4894.92
PAY01515,O01515,COD,2439.95
PAY01516,O01516,Card,4019.16
PAY01517,O01517,Card,17694.94
PAY01518,O01518,Card,11479.39
PAY01519,O01519,COD,31569.83
PAY01520,O01520,COD,8213.5
PAY01521,O01521,UPI,15559.34
PAY01522,O01522,Card,13992.24
PAY01523,O01523,Card,2687.65
PAY01524,O01524,Card,4751.64
PAY01525,O01525,Card,3609.7
PAY01526,O01526,UPI,9720.3
PAY01527,O01527,COD,9535.16
PAY01528,O01528,COD,29777.48
PAY01529,O01529,Card,18595.64
PAY01530,O01530,Card,11398.8
PAY01531,O01531,UPI,825.37
PAY01532,O01532,Net Banking,18633.28
PAY01533,O01533,COD,11596.44
PAY01534,O01534,UPI,31051.18
PAY01535,O01535,UPI,2522.3
PAY01536,O01536,Card,6778.84
PAY01537,O01537,Card,2768.03
PAY01538,O01538,Card,2821.87
PAY01539,O01539,UPI,2903.22
PAY01540,O01540,Card,21279.48
PAY01541,O01541,UPI,17485.04
PAY01542,O01542,Net Banking,15078.4
PAY01543,O01543,Net Banking,3998.12
PAY01544,O01544,UPI,1570.66
PAY01545,O01545,UPI,24485.74
PAY01546,O01546,UPI,13675.98
PAY01547,O01547,COD,7028.02
PAY01548,O01548,Net Banking,23631.0
PAY01549,O01549,COD,27684.68
PAY01550,O01550,COD,7487.8
PAY01551,O01551,COD,10233.3
PAY01552,O01552,UPI,3744.43
PAY01553,O01553,UPI,3484.94
PAY01554,O01554,UPI,6030.72
PAY01555,O01555,COD,13571.67
PAY01556,O01556,COD,25914.3
PAY01557,O01557,Card,9020.97
PAY01558,O01558,UPI,12524.54
PAY01559,O01559,Card,14994.85
PAY01560,O01560,Net Banking,20338.9
PAY01561,O01561,Net Banking,10610.02
PAY01562,O01562,COD,9910.85
PAY01563,O01563,UPI,2257.99
PAY01564,O01564,COD,22963.8
PAY01565,O01565,Net Banking,7325.73
PAY01566,O01566,Card,13909.65
PAY01567,O01567,COD,1490.36
PAY01568,O01568,UPI,9353.07
PAY01569,O01569,Card,10492.14
PAY01570,O01570,UPI,4777.3
PAY01571,O01571,Net Banking,6499.18
PAY01572,O01572,UPI,6770.43
PAY01573,O01573,Card,5689.99
PAY01574,O01574,UPI,27934.57
PAY01575,O01575,UPI,2379.64
PAY01576,O01576,UPI,24871.36
PAY01577,O01577,Card,23260.4
PAY01578,O01578,COD,24497.96
PAY01579,O01579,Card,14801.54
PAY01580,O01580,COD,25343.07
PAY01581,O01581,UPI,10243.56
PAY01582,O01582,UPI,7099.29
PAY01583,O01583,COD,27280.64
PAY01584,O01584,Card,4195.4
PAY01585,O01585,UPI,1134.92
PAY01586,O01586,Net Banking,14905.24
PAY01587,O01587,UPI,23561.08
PAY01588,O01588,UPI,8103.22
PAY01589,O01589,Card,17862.69
PAY01590,O01590,COD,8687.76
PAY01591,O01591,UPI,26040.79
PAY01592,O01592,Card,17963.21
PAY01593,O01593,UPI,6136.29
PAY01594,O01594,UPI,4829.6
PAY01595,O01595,Card,16762.79
PAY01596,O01596,UPI,3672.21
PAY01597,O01597,UPI,14193.78
PAY01598,O01598,Card,9026.65
PAY01599,O01599,Card,13870.6
PAY01600,O01600,UPI,13263.85
PAY01601,O01601,UPI,12451.09
PAY01602,O01602,UPI,17831.36
PAY01603,O01603,Net Banking,6365.53
PAY01604,O01604,Card,19002.4
PAY01605,O01605,Net Banking,13261.39
PAY01606,O01606,COD,24942.89
PAY01607,O01607,UPI,5567.18
PAY01608,O01608,Card,23796.89
PAY01609,O01609,UPI,10483.24
PAY01610,O01610,Card,11549.8
PAY01611,O01611,COD,9734.32
PAY01612,O01612,UPI,24524.0
PAY01613,O01613,UPI,3424.18
PAY01614,O01614,Card,16891.7
PAY01615,O01615,UPI,26652.86
PAY01616,O01616,Net Banking,14212.65
PAY01617,O01617,UPI,10002.42
PAY01618,O01618,Net Banking,21483.21
PAY01619,O01619,Card,14552.09
PAY01620,O01620,Card,4052.56
PAY01621,O01621,COD,28910.89
PAY01622,O01622,Card,18984.82
PAY01623,O01623,UPI,20351.27
PAY01624,O01624,COD,23797.19
PAY01625,O01625,UPI,12649.88
PAY01626,O01626,UPI,22764.04
PAY01627,O01627,Net Banking,17577.64
PAY01628,O01628,UPI,17514.82
PAY01629,O01629,Card,29375.28
PAY01630,O01630,Card,24530.9
PAY01631,O01631,COD,10301.64
PAY01632,O01632,UPI,3420.82
PAY01633,O01633,Card,16044.89
PAY01634,O01634,Card,9644.56
PAY01635,O01635,Card,16261.57
PAY01636,O01636,COD,13475.38
PAY01637,O01637,UPI,2545.46
PAY01638,O01638,UPI,5325.27
PAY01639,O01639,UPI,18134.69
PAY01640,O01640,UPI,12176.27
PAY01641,O01641,Card,22126.12
PAY01642,O01642,UPI,5131.24
PAY01643,O01643,UPI,21750.38
PAY01644,O01644,Card,6964.93
PAY01645,O01645,UPI,13159.11
PAY01646,O01646,UPI,18040.97
PAY01647,O01647,Net Banking,6527.25
PAY01648,O01648,UPI,7830.71
PAY01649,O01649,UPI,8240.52
PAY01650,O01650,UPI,3244.77
PAY01651,O01651,Card,21944.33
PAY01652,O01652,Card,3782.74
PAY01653,O01653,UPI,21020.45
PAY01654,O01654,UPI,3009.37
PAY01655,O01655,UPI,20738.85
PAY01656,O01656,UPI,3459.18
PAY01657,O01657,UPI,21130.91
PAY01658,O01658,UPI,13063.84
PAY01659,O01659,UPI,25777.79
PAY01660,O01660,UPI,17148.11
PAY01661,O01661,UPI,12164.23
PAY01662,O01662,COD,9412.66
PAY01663,O01663,Card,6182.33
PAY01664,O01664,COD,21359.77
PAY01665,O01665,COD,375.99
PAY01666,O01666,Card,22576.14
PAY01667,O01667,Card,20904.09
PAY01668,O01668,Card,4649.43
PAY01669,O01669,COD,27898.5
PAY01670,O01670,Card,3763.32
PAY01671,O01671,Net Banking,24327.82
PAY01672,O01672,UPI,34808.14
PAY01673,O01673,COD,3947.04
PAY01674,O01674,COD,17162.87
PAY01675,O01675,Net Banking,11622.37
PAY01676,O01676,Card,19021.57
PAY01677,O01677,Card,6028.74
PAY01678,O01678,UPI,18140.16
PAY01679,O01679,Net Banking,9571.02
PAY01680,O01680,COD,14544.36
PAY01681,O01681,COD,11979.53
PAY01682,O01682,UPI,16263.4
PAY01683,O01683,UPI,4445.7
PAY01684,O01684,Card,6394.3
PAY01685,O01685,COD,17810.17
PAY01686,O01686,UPI,8994.97
PAY01687,O01687,COD,16935.16
PAY01688,O01688,UPI,23355.22
PAY01689,O01689,UPI,12513.79
PAY01690,O01690,UPI,26649.05
PAY01691,O01691,UPI,24346.0
PAY01692,O01692,Card,9911.38
PAY01693,O01693,UPI,5098.68
PAY01694,O01694,COD,25078.11
PAY01695,O01695,COD,17629.25
PAY01696,O01696,Net Banking,13286.1
PAY01697,O01697,UPI,3625.12
PAY01698,O01698,UPI,12797.86
PAY01699,O01699,UPI,10805.57
PAY01700,O01700,COD,6544.26
